ID,Source,Severity,Start_Time,End_Time,Start_Lat,Start_Lng,End_Lat,End_Lng,Distance(mi),Description,Street,City,County,State,Zipcode,Country,Timezone,Airport_Code,Weather_Timestamp,Temperature(F),Wind_Chill(F),Humidity(%),Pressure(in),Visibility(mi),Wind_Direction,Wind_Speed(mph),Precipitation(in),Weather_Condition,Amenity,Bump,Crossing,Give_Way,Junction,No_Exit,Railway,Roundabout,Station,Stop,Traffic_Calming,Traffic_Signal,Turning_Loop,Sunrise_Sunset,Civil_Twilight,Nautical_Twilight,Astronomical_Twilight
A-1,Source2,3,2016-02-08 05:46:00,2016-02-08 11:00:00,39.865147,-84.058723,,,0.01,Right lane blocked due to accident on I-70 Eastbound at Exit 41 OH-235 State Route 4.,I-70 E,Dayton,Montgomery,OH,45424,US,US/Eastern,KFFO,2016-02-08 05:58:00,36.9,,91.0,29.68,10.0,Calm,,0.02,Light Rain,False,False,False,False,False,False,False,False,False,False,False,False,False,Night,Night,Night,Night
A-2,Source2,2,2016-02-08 06:07:59,2016-02-08 06:37:59,39.92805900000001,-82.831184,,,0.01,Accident on Brice Rd at Tussing Rd. Expect delays.,Brice Rd,Reynoldsburg,Franklin,OH,43068-3402,US,US/Eastern,KCMH,2016-02-08 05:51:00,37.9,,100.0,29.65,10.0,Calm,,0.0,Light Rain,False,False,False,False,False,False,False,False,False,False,False,False,False,Night,Night,Night,Day
A-3,Source2,2,2016-02-08 06:49:27,2016-02-08 07:19:27,39.063148,-84.032608,,,0.01,Accident on OH-32 State Route 32 Westbound at Dela Palma Rd. Expect delays.,State Route 32,Williamsburg,Clermont,OH,45176,US,US/Eastern,KI69,2016-02-08 06:56:00,36.0,33.3,100.0,29.67,10.0,SW,3.5,,Overcast,False,False,False,False,False,False,False,False,False,False,False,True,False,Night,Night,Day,Day
A-4,Source2,3,2016-02-08 07:23:34,2016-02-08 07:53:34,39.747753,-84.20558199999998,,,0.01,Accident on I-75 Southbound at Exits 52 52B US-35. Expect delays.,I-75 S,Dayton,Montgomery,OH,45417,US,US/Eastern,KDAY,2016-02-08 07:38:00,35.1,31.0,96.0,29.64,9.0,SW,4.6,,Mostly Cloudy,False,False,False,False,False,False,False,False,False,False,False,False,False,Night,Day,Day,Day
A-5,Source2,2,2016-02-08 07:39:07,2016-02-08 08:09:07,39.627781,-84.188354,,,0.01,Accident on McEwen Rd at OH-725 Miamisburg Centerville Rd. Expect delays.,Miamisburg Centerville Rd,Dayton,Montgomery,OH,45459,US,US/Eastern,KMGY,2016-02-08 07:53:00,36.0,33.3,89.0,29.65,6.0,SW,3.5,,Mostly Cloudy,False,False,False,False,False,False,False,False,False,False,False,True,False,Day,Day,Day,Day
A-6,Source2,3,2016-02-08 07:44:26,2016-02-08 08:14:26,40.10059,-82.92519399999998,,,0.01,Accident on I-270 Outerbelt Northbound near Exit 29 OH-3 State St. Expect delays.,Westerville Rd,Westerville,Franklin,OH,43081,US,US/Eastern,KCMH,2016-02-08 07:51:00,37.9,35.5,97.0,29.63,7.0,SSW,3.5,0.03,Light Rain,False,False,False,False,False,False,False,False,False,False,False,False,False,Day,Day,Day,Day
A-7,Source2,2,2016-02-08 07:59:35,2016-02-08 08:29:35,39.758274,-84.23050699999997,,,0.0,Accident on Oakridge Dr at Woodward Ave. Expect delays.,N Woodward Ave,Dayton,Montgomery,OH,45417-2476,US,US/Eastern,KDAY,2016-02-08 07:56:00,34.0,31.0,100.0,29.66,7.0,WSW,3.5,,Overcast,False,False,False,False,False,False,False,False,False,False,False,False,False,Day,Day,Day,Day
A-8,Source2,3,2016-02-08 07:59:58,2016-02-08 08:29:58,39.770382,-84.194901,,,0.01,Accident on I-75 Southbound at Exit 54B Grand Ave. Expect delays.,N Main St,Dayton,Montgomery,OH,45405,US,US/Eastern,KDAY,2016-02-08 07:56:00,34.0,31.0,100.0,29.66,7.0,WSW,3.5,,Overcast,False,False,False,False,False,False,False,False,False,False,False,False,False,Day,Day,Day,Day
A-9,Source2,2,2016-02-08 08:00:40,2016-02-08 08:30:40,39.778061,-84.172005,,,0.0,Accident on Notre Dame Ave at Warner Ave. Expect delays.,Notre Dame Ave,Dayton,Montgomery,OH,45404-1923,US,US/Eastern,KFFO,2016-02-08 07:58:00,33.3,,99.0,29.67,5.0,SW,1.2,,Mostly Cloudy,False,False,False,False,False,False,False,False,False,False,False,False,False,Day,Day,Day,Day
A-10,Source2,3,2016-02-08 08:10:04,2016-02-08 08:40:04,40.10059,-82.92519399999998,,,0.01,Right hand shoulder blocked due to accident on I-270 Outerbelt Westbound at Exit 29 OH-3 State St.,Westerville Rd,Westerville,Franklin,OH,43081,US,US/Eastern,KCMH,2016-02-08 08:28:00,37.4,33.8,100.0,29.62,3.0,SSW,4.6,0.02,Light Rain,False,False,False,False,False,False,False,False,False,False,False,False,False,Day,Day,Day,Day
A-11,Source2,3,2016-02-08 08:14:42,2016-02-08 08:44:42,39.952812,-83.119293,,,0.01,Accident on I-270 Outerbelt Northbound at Exits 7 7A 7B US-40 Broad St. Expect delays.,Outerbelt S,Columbus,Franklin,OH,43228,US,US/Eastern,KTZR,2016-02-08 07:50:00,35.6,30.7,93.0,29.64,5.0,WNW,5.8,,Rain,False,False,True,False,True,False,False,False,False,False,False,False,False,Day,Day,Day,Day
A-12,Source2,3,2016-02-08 08:21:27,2016-02-08 08:51:27,39.932709,-82.83091,,,0.01,One lane blocked due to accident on I-70 Westbound at Exits 110 110A 110B Brice Rd. Expect delays.,I-70 E,Reynoldsburg,Franklin,OH,43068,US,US/Eastern,KCMH,2016-02-08 08:28:00,37.4,33.8,100.0,29.62,3.0,SSW,4.6,0.02,Light Rain,False,False,False,False,False,False,False,False,False,False,False,False,False,Day,Day,Day,Day
A-13,Source2,2,2016-02-08 08:36:34,2016-02-08 09:06:34,39.737633,-84.14993299999998,,,0.0,Accident on Revere Ave at Watervliet Ave. Expect delays.,Watervliet Ave,Dayton,Montgomery,OH,45420-1863,US,US/Eastern,KFFO,2016-02-08 08:28:00,33.8,,100.0,29.63,3.0,SW,2.3,,Overcast,False,False,False,False,False,False,False,False,False,False,False,False,False,Day,Day,Day,Day
A-14,Source2,2,2016-02-08 08:37:07,2016-02-08 09:07:07,39.79076,-84.241547,,,0.01,Accident on Salem Ave at Hillcrest Ave / Kensington Dr. Expect delays.,Salem Ave,Dayton,Montgomery,OH,45406-2708,US,US/Eastern,KDAY,2016-02-08 08:56:00,36.0,31.1,89.0,29.65,10.0,NW,5.8,,Mostly Cloudy,False,False,False,False,False,False,False,False,False,False,False,True,False,Day,Day,Day,Day
A-15,Source2,2,2016-02-08 08:39:43,2016-02-08 09:09:43,39.972038,-82.913521,,,0.01,Accident on OH-16 Broad St at James Rd. Expect delays.,E Broad St,Columbus,Franklin,OH,43213-1006,US,US/Eastern,KCMH,2016-02-08 08:28:00,37.4,33.8,100.0,29.62,3.0,SSW,4.6,0.02,Light Rain,False,False,False,False,False,False,False,False,False,False,False,True,False,Day,Day,Day,Day
A-16,Source2,2,2016-02-08 08:43:20,2016-02-08 09:13:20,39.745888,-84.17041,,,0.01,Accident on Wayne Ave at Glencoe Ave. Expect delays.,Glencoe Ave,Dayton,Montgomery,OH,45410-1721,US,US/Eastern,KFFO,2016-02-08 08:28:00,33.8,,100.0,29.63,3.0,SW,2.3,,Overcast,False,False,False,False,False,False,False,False,False,False,False,False,False,Day,Day,Day,Day
A-17,Source2,2,2016-02-08 08:53:17,2016-02-08 09:23:17,39.748329,-84.224007,,,0.01,Accident on James H McGee Blvd at US-35. Expect delays.,S James H McGee Blvd,Dayton,Montgomery,OH,45402,US,US/Eastern,KFFO,2016-02-08 08:58:00,35.6,,99.0,29.65,7.0,WSW,2.3,,Mostly Cloudy,False,False,False,False,False,False,False,False,False,False,False,False,False,Day,Day,Day,Day
A-18,Source2,2,2016-02-08 09:24:37,2016-02-08 09:54:37,39.752174,-84.239952,,,0.0,Accident on Delphos Ave at Brooklyn Ave. Expect delays.,Delphos Ave,Dayton,Montgomery,OH,45417-1727,US,US/Eastern,KDAY,2016-02-08 08:56:00,36.0,31.1,89.0,29.65,10.0,NW,5.8,,Mostly Cloudy,False,False,False,False,False,False,False,False,False,False,False,False,False,Day,Day,Day,Day
A-19,Source2,2,2016-02-08 09:25:17,2016-02-08 09:55:17,39.740669,-84.184135,,,0.01,Accident on Stewart St near Rubicon St. Expect delays.,Rubicon St,Dayton,Montgomery,OH,45409-2659,US,US/Eastern,KFFO,2016-02-08 09:38:00,37.4,32.1,93.0,29.63,10.0,WSW,6.9,,Overcast,False,False,True,False,False,False,False,False,False,False,False,True,False,Day,Day,Day,Day
A-20,Source2,2,2016-02-08 09:35:35,2016-02-08 10:05:35,39.790703,-84.244461,,,0.01,Accident on Hillcrest Ave at Piccadilly Ave. Expect delays.,W Hillcrest Ave,Dayton,Montgomery,OH,45406-2640,US,US/Eastern,KDAY,2016-02-08 09:56:00,36.0,30.3,89.0,29.65,10.0,West,6.9,,Mostly Cloudy,False,False,False,False,False,False,False,False,False,False,False,False,False,Day,Day,Day,Day
A-21,Source2,2,2016-02-08 10:11:15,2016-02-08 10:41:15,40.052509,-82.88233199999998,,,0.0,Accident on Brookhill Dr at Glenhurst Ct.,Brookhill Dr,Columbus,Franklin,OH,43230-1765,US,US/Eastern,KCMH,2016-02-08 10:14:00,33.8,29.6,100.0,29.62,2.0,NNW,4.6,0.01,Light Snow,False,False,False,False,False,False,False,False,False,False,False,False,False,Day,Day,Day,Day
A-22,Source2,2,2016-02-08 10:24:27,2016-02-08 10:54:27,39.773346,-84.224686,,,0.0,Accident on Princeton Dr at Catalpa Dr. Expect delays.,Princeton Dr,Dayton,Montgomery,OH,45406-4736,US,US/Eastern,KDAY,2016-02-08 09:56:00,36.0,30.3,89.0,29.65,10.0,West,6.9,,Mostly Cloudy,False,False,False,False,False,False,False,False,False,False,False,False,False,Day,Day,Day,Day
A-23,Source2,2,2016-02-08 11:53:19,2016-02-08 12:23:19,39.628288,-84.226151,,,0.01,Accident on OH-741 Springboro Pike at Lyons Rd. Expect delays.,Springboro Pike,Miamisburg,Montgomery,OH,45342,US,US/Eastern,KMGY,2016-02-08 11:53:00,35.1,28.6,89.0,29.65,6.0,WSW,8.1,0.02,Overcast,False,False,False,False,False,False,False,False,False,False,False,True,False,Day,Day,Day,Day
A-24,Source2,3,2016-02-08 12:00:00,2016-02-08 12:45:00,40.023487,-82.994888,,,0.01,Accident on I-71 Northbound at Exit 113 Silver Dr. On exit ramp.,North Fwy S,Columbus,Franklin,OH,43211,US,US/Eastern,KCMH,2016-02-08 11:51:00,37.0,32.4,96.0,29.63,8.0,West,5.8,0.0,Overcast,False,False,False,False,False,False,False,False,False,False,False,False,False,Day,Day,Day,Day
A-25,Source2,2,2016-02-08 12:16:44,2016-02-08 13:01:44,39.761379,-84.25921600000002,,,0.01,Accident on Hoover Ave at Elmhurst Rd.,Hoover Ave,Dayton,Montgomery,OH,45417-1117,US,US/Eastern,KDAY,2016-02-08 12:20:00,37.9,30.9,76.0,29.62,10.0,WNW,10.4,,Overcast,False,False,False,False,False,False,False,False,False,False,False,True,False,Day,Day,Day,Day
A-26,Source2,2,2016-02-08 12:41:08,2016-02-08 13:11:08,40.158024,-82.641762,,,1.32,Accident on County Hwy-16 Sportsman Club Rd between Liberty Ridge Ct and Nichols Ln.,Sportsman Club Rd,Johnstown,Licking,OH,43031-9133,US,US/Eastern,KCMH,2016-02-08 12:51:00,37.9,34.4,100.0,29.6,5.0,West,4.6,0.01,Light Snow,False,False,False,False,False,False,False,False,False,False,False,False,False,Day,Day,Day,Day
A-27,Source2,2,2016-02-08 12:52:05,2016-02-08 13:37:05,39.733219,-84.159653,,,0.0,Accident on Irving Ave at Wilmington Ave.,Irving Ave,Dayton,Montgomery,OH,45419-4148,US,US/Eastern,KMGY,2016-02-08 12:53:00,36.0,29.0,86.0,29.63,7.0,West,9.2,0.0,Light Snow,False,False,False,False,False,False,False,False,False,False,False,True,False,Day,Day,Day,Day
A-28,Source2,2,2016-02-08 14:24:48,2016-02-08 15:09:48,39.775303,-84.200523,,,0.0,Accident on Helena St at OH-48 Main St.,W Helena St,Dayton,Montgomery,OH,45405-4326,US,US/Eastern,KDAY,2016-02-08 13:56:00,39.9,32.9,70.0,29.61,10.0,WNW,11.5,0.0,Mostly Cloudy,False,False,False,False,False,False,False,False,False,False,False,True,False,Day,Day,Day,Day
A-29,Source2,2,2016-02-08 14:56:57,2016-02-08 15:41:57,39.789322,-84.23910500000002,,,0.01,Accident on Salem Ave at Litchfield Ave.,Litchfield Ave,Dayton,Montgomery,OH,45406-2701,US,US/Eastern,KDAY,2016-02-08 14:56:00,39.9,34.5,65.0,29.61,10.0,WNW,8.1,,Mostly Cloudy,False,False,False,False,False,False,False,False,False,False,False,False,False,Day,Day,Day,Day
A-30,Source2,2,2016-02-08 15:26:14,2016-02-08 16:11:14,39.75872,-84.183762,,,0.0,Accident on 4th St at Wayne Ave.,E 4th St,Dayton,Montgomery,OH,45402,US,US/Eastern,KFFO,2016-02-08 15:46:00,39.2,35.9,75.0,29.62,10.0,NNE,4.6,,Mostly Cloudy,False,False,False,False,False,False,False,False,False,False,False,False,False,Day,Day,Day,Day
A-31,Source2,2,2016-02-08 16:16:08,2016-02-08 16:46:08,40.081459,-83.122398,,,0.01,Accident on Frantz Rd Southbound at Bradenton Ave.,Frantz Rd,Dublin,Franklin,OH,43017-2552,US,US/Eastern,KOSU,2016-02-08 15:53:00,37.0,31.6,89.0,29.61,10.0,West,6.9,0.0,Overcast,False,False,False,False,False,False,False,False,False,False,False,True,False,Day,Day,Day,Day
A-32,Source2,2,2016-02-08 17:39:24,2016-02-08 18:24:24,39.83321,-84.112946,,,0.0,Accident on Powell Rd at Bellefontaine Rd. Approach with care.,Bellefontaine Rd,Dayton,Montgomery,OH,45424-4132,US,US/Eastern,KFFO,2016-02-08 17:58:00,34.2,31.2,97.0,29.66,10.0,NW,3.5,0.02,Light Rain,False,False,False,False,False,False,False,False,False,False,False,False,False,Day,Day,Day,Day
A-33,Source2,3,2016-02-08 18:24:00,2016-02-08 21:00:00,40.042725,-82.99730699999998,,,0.01,Left lane blocked due to accident on I-71 Southbound at Exit 115 Cooke Rd.,North Fwy S,Columbus,Franklin,OH,43224,US,US/Eastern,KCMH,2016-02-08 18:43:00,33.8,28.6,100.0,29.62,6.0,South,5.8,,Overcast,False,False,False,False,False,False,False,False,False,False,False,False,False,Night,Day,Day,Day
A-34,Source2,3,2016-02-08 19:28:00,2016-02-08 21:00:00,39.974415,-82.848854,,,0.01,Right lane blocked due to accident on I-270 Outerbelt Northbound at Exit 39 OH-16 Broad St.,Outerbelt N,Columbus,Franklin,OH,43213,US,US/Eastern,KCMH,2016-02-08 19:51:00,34.0,,100.0,29.65,6.0,Calm,,0.07,Overcast,False,False,False,False,False,False,False,False,False,False,False,False,False,Night,Night,Night,Day
A-35,Source2,2,2016-02-08 20:22:38,2016-02-08 21:07:38,39.994766,-83.02449,,,0.01,Accident on OH-315 Olentangy Fwy Eastbound at Cannon Dr.,Olentangy Fwy N,Columbus,Franklin,OH,43212,US,US/Eastern,KOSU,2016-02-08 20:27:00,33.1,26.1,92.0,29.63,7.0,WNW,8.1,0.0,Light Snow,False,False,False,False,False,False,False,False,False,False,False,False,False,Night,Night,Night,Night
A-36,Source2,2,2016-02-08 20:43:00,2016-02-08 23:00:00,40.006477,-83.030991,,,1.09,Right lane blocked due to accident on OH-315 Olentangy Fwy Northbound between Cannon Dr and Lane Ave.,Olentangy Fwy S,Columbus,Franklin,OH,43210,US,US/Eastern,KOSU,2016-02-08 20:39:00,33.1,25.5,92.0,29.63,9.0,WNW,9.2,0.0,Overcast,False,False,False,False,False,False,False,False,False,False,False,True,False,Night,Night,Night,Night
A-37,Source2,2,2016-02-09 04:28:48,2016-02-09 04:58:48,39.742062,-84.186996,,,0.01,Accident on OH-48 Main St at Fairground Ave. Expect delays.,S Main St,Dayton,Montgomery,OH,45409-2616,US,US/Eastern,KFFO,2016-02-09 04:28:00,23.0,11.7,93.0,29.65,5.0,SW,11.5,,Light Snow,False,False,False,False,False,False,False,False,False,False,False,False,False,Night,Night,Night,Night
A-38,Source2,2,2016-02-09 05:04:34,2016-02-09 05:34:34,39.843521,-82.78157,,,0.01,Accident on US-33 Columbus Lancaster Rd Eastbound at County Hwy-18 Diley Rd. Expect delays.,Diley Rd,Canal Winchester,Fairfield,OH,43110,US,US/Eastern,KLCK,2016-02-09 04:55:00,23.0,11.7,93.0,29.63,2.5,WSW,11.5,,Light Snow,False,False,False,False,True,False,False,False,False,False,False,True,False,Night,Night,Night,Night
A-39,Source2,2,2016-02-09 05:17:08,2016-02-09 05:47:08,39.782578,-84.178688,,,0.01,Accident on Leo St at Kiser St. Expect delays.,Kiser St,Dayton,Montgomery,OH,45404-1672,US,US/Eastern,KFFO,2016-02-09 04:58:00,22.8,11.5,89.0,29.69,4.0,SW,11.5,0.0,Light Snow,False,False,False,False,False,False,False,False,False,False,False,False,False,Night,Night,Night,Night
A-40,Source2,3,2016-02-09 05:27:20,2016-02-09 05:57:20,40.007626,-82.912155,,,0.01,Accident on I-670 Northeast Fwy Eastbound near I-270 Outerbelt Exits 35A 35B. Expect delays.,Stelzer Rd,Columbus,Franklin,OH,43219-3504,US,US/Eastern,KCMH,2016-02-09 05:27:00,26.6,18.2,86.0,29.62,1.5,West,8.1,0.01,Light Snow,False,False,False,False,False,False,False,False,False,False,False,False,False,Night,Night,Night,Night
A-41,Source2,2,2016-02-09 05:40:57,2016-02-09 06:10:57,39.447502,-84.19120799999997,,,0.0,Accident on Monroe Rd near Shaker Run Rd. Expect delays.,Monroe Rd,Lebanon,Warren,OH,45036,US,US/Eastern,KMGY,2016-02-09 05:45:00,21.0,10.6,85.0,29.67,0.8,SW,9.2,0.01,Light Snow,False,False,True,False,False,False,False,False,False,False,False,False,False,Night,Night,Night,Night
A-42,Source2,2,2016-02-09 05:47:16,2016-02-09 06:17:16,39.787731,-84.173439,,,0.01,Accident on Stanley Ave at Kuntz Rd.,Air City Ave,Dayton,Montgomery,OH,45404-1255,US,US/Eastern,KFFO,2016-02-09 05:58:00,23.0,12.4,86.0,29.71,3.0,SW,10.4,0.0,Light Snow,False,False,True,False,False,False,False,False,False,False,False,True,False,Night,Night,Night,Night
A-43,Source2,2,2016-02-09 05:56:10,2016-02-09 06:26:10,39.426277,-83.624611,,,0.01,Accident on OH-72 State Route 72 Northbound at Point Isabel Rd.,S State Route 72,Sabina,Clinton,OH,45169,US,US/Eastern,KILN,2016-02-09 05:54:00,19.9,6.7,89.0,29.75,1.8,WSW,13.8,0.0,Light Snow,False,False,False,False,False,False,False,False,False,False,False,False,False,Night,Night,Night,Night
A-44,Source2,3,2016-02-09 06:06:45,2016-02-09 06:36:45,39.978306,-82.852554,,,0.01,Accident on I-270 Outerbelt near Exit 39 OH-16 Broad St.,E Broad St,Columbus,Franklin,OH,43213,US,US/Eastern,KCMH,2016-02-09 05:51:00,25.0,15.5,88.0,29.65,1.0,SW,9.2,0.02,Light Snow,False,False,False,False,True,False,False,False,False,False,False,False,False,Night,Night,Night,Day
A-45,Source2,3,2016-02-09 06:13:33,2016-02-09 06:43:33,39.84182,-84.18960600000003,,,0.01,Accident on I-75 Northbound at Exit 59 Wyse Rd. Expect delays.,Benchwood Rd,Dayton,Montgomery,OH,45414,US,US/Eastern,KDAY,2016-02-09 06:03:00,23.0,10.1,88.0,29.66,2.0,West,15.0,0.0,Light Snow,False,False,False,False,False,False,False,False,False,False,False,True,False,Night,Night,Night,Day
A-46,Source2,3,2016-02-09 06:12:49,2016-02-09 06:42:49,39.953625,-82.958954,,,0.01,Accident on I-70 Eastbound at Exit 102 Kelton Ave. Expect delays.,East Fwy W,Columbus,Franklin,OH,43205,US,US/Eastern,KCMH,2016-02-09 05:51:00,25.0,15.5,88.0,29.65,1.0,SW,9.2,0.02,Light Snow,False,False,False,False,False,False,False,False,False,False,False,False,False,Night,Night,Night,Day
A-47,Source2,2,2016-02-09 06:21:50,2016-02-09 06:51:50,40.053082,-83.049644,,,0.01,Accident on Kenny Rd at Henderson Rd. Expect delays.,Kenny Rd,Columbus,Franklin,OH,43220,US,US/Eastern,KOSU,2016-02-09 06:22:00,26.1,15.0,84.0,29.63,2.0,West,12.7,0.0,Light Snow,False,False,False,False,False,False,False,False,False,False,False,True,False,Night,Night,Night,Day
A-48,Source2,3,2016-02-09 06:20:46,2016-02-09 06:50:46,39.936874,-82.878723,,,0.01,Right hand shoulder blocked due to accident on I-70 Westbound at Exits 107 107A 107B OH-317 Hamilton Rd.,S Hamilton Rd,Columbus,Franklin,OH,43232,US,US/Eastern,KCMH,2016-02-09 06:36:00,24.8,16.1,86.0,29.64,1.0,SW,8.1,0.01,Light Snow,False,False,False,False,False,False,False,False,False,False,False,False,False,Night,Night,Night,Day
A-49,Source2,2,2016-02-09 06:34:41,2016-02-09 07:04:41,39.780643,-84.16349,,,0.01,Accident on Stanley Ave at OH-201 Brandt St. Expect delays.,Brandt St,Dayton,Montgomery,OH,45404,US,US/Eastern,KFFO,2016-02-09 06:51:00,23.0,11.7,86.0,29.68,4.0,SW,11.5,,Light Snow,False,False,False,False,False,False,False,False,False,False,False,True,False,Night,Night,Night,Day
A-50,Source2,3,2016-02-09 06:41:09,2016-02-09 07:11:09,39.773193,-84.187454,,,0.01,Accident on I-75 Northbound at Exits 54A 54B OH-4. Expect delays.,I-75 S,Dayton,Montgomery,OH,45404,US,US/Eastern,KFFO,2016-02-09 06:51:00,23.0,11.7,86.0,29.68,4.0,SW,11.5,,Light Snow,False,False,False,False,False,False,False,False,False,False,False,False,False,Night,Night,Day,Day
A-51,Source2,2,2016-02-09 06:48:18,2016-02-09 07:18:18,39.77858,-84.20468100000002,,,0.01,Accident on OH-48 Main St at Burton Ave. Expect delays.,N Main St,Dayton,Montgomery,OH,45405-4141,US,US/Eastern,KDAY,2016-02-09 06:56:00,21.9,9.8,92.0,29.71,2.0,WSW,12.7,0.01,Light Snow,False,False,False,False,False,False,False,False,False,False,False,False,False,Night,Night,Day,Day
A-52,Source2,2,2016-02-09 06:53:09,2016-02-09 07:23:09,39.792988,-84.20607,,,0.01,Accident on Riverside Dr at Pointview Ave. Expect delays.,Riverside Dr,Dayton,Montgomery,OH,45405,US,US/Eastern,KDAY,2016-02-09 06:56:00,21.9,9.8,92.0,29.71,2.0,WSW,12.7,0.01,Light Snow,False,False,False,False,False,False,False,False,False,False,False,False,False,Night,Night,Day,Day
A-53,Source2,3,2016-02-09 06:54:31,2016-02-09 07:24:31,39.770382,-84.194901,,,0.01,Accident on I-75 Northbound at Exit 54B Grand Ave. Expect delays.,N Main St,Dayton,Montgomery,OH,45405,US,US/Eastern,KDAY,2016-02-09 06:56:00,21.9,9.8,92.0,29.71,2.0,WSW,12.7,0.01,Light Snow,False,False,False,False,False,False,False,False,False,False,False,False,False,Night,Night,Day,Day
A-54,Source2,3,2016-02-09 07:03:20,2016-02-09 07:33:20,39.976398,-83.119225,,,0.01,Accident on I-70 Eastbound at Exits 93 93A 93B I-270 Outerbelt. Expect delays.,Outerbelt S,Columbus,Franklin,OH,43204,US,US/Eastern,KTZR,2016-02-09 07:20:00,21.2,8.3,93.0,29.66,1.5,WSW,13.8,,Light Snow,False,False,False,False,False,False,False,False,False,False,False,False,False,Night,Day,Day,Day
A-55,Source2,3,2016-02-09 07:05:37,2016-02-09 07:35:37,39.6395,-84.23136099999998,,,0.01,Accident on I-75 Southbound at Exit 44 OH-725 Miamisburg Centerville Rd. Expect delays.,Miamisburg Centerville Rd,Dayton,Montgomery,OH,45449,US,US/Eastern,KMGY,2016-02-09 07:12:00,21.0,10.6,85.0,29.69,1.2,WSW,9.2,0.0,Light Snow,False,False,False,False,False,False,False,False,False,False,False,False,False,Night,Night,Day,Day
A-56,Source2,2,2016-02-09 07:04:58,2016-02-09 07:34:58,39.232578,-84.159286,,,0.01,Accident on OH-28 State Route 28 at Wood St. Expect delays.,Wood St,Goshen,Clermont,OH,45122,US,US/Eastern,KI69,2016-02-09 06:56:00,21.0,10.6,93.0,29.73,2.5,WSW,9.2,,Light Snow,False,False,False,False,False,False,False,False,False,True,False,False,False,Night,Night,Day,Day
A-57,Source2,2,2016-02-09 07:15:41,2016-02-09 07:45:41,39.746593,-84.23912,,,0.01,Accident on McCall St at Abbey Ave. Expect delays.,Dearborn Ave,Dayton,Montgomery,OH,45417-2002,US,US/Eastern,KDAY,2016-02-09 07:08:00,21.9,9.8,92.0,29.68,2.0,WSW,12.7,0.0,Light Snow,False,False,False,False,False,False,False,False,False,False,False,True,False,Night,Day,Day,Day
A-58,Source2,2,2016-02-09 07:41:01,2016-02-09 08:11:01,39.742783,-84.182472,,,0.01,Accident on Brown St at Fairground Ave. Expect delays.,Brown St,Dayton,Montgomery,OH,45409-2602,US,US/Eastern,KFFO,2016-02-09 07:58:00,22.5,12.4,90.0,29.73,1.2,SW,9.2,0.0,Light Snow,True,False,False,False,False,False,False,False,False,False,False,False,False,Day,Day,Day,Day
A-59,Source2,2,2016-02-09 07:42:43,2016-02-09 08:12:43,39.75452,-84.159279,,,0.01,Accident on US-35 Eastbound at Steve Whalen Blvd. Expect delays.,US-35 E,Dayton,Montgomery,OH,45410,US,US/Eastern,KFFO,2016-02-09 07:58:00,22.5,12.4,90.0,29.73,1.2,SW,9.2,0.0,Light Snow,False,False,False,False,False,False,False,False,False,False,False,False,False,Day,Day,Day,Day
A-60,Source2,2,2016-02-09 07:42:11,2016-02-09 08:12:11,39.749916,-84.139359,,,0.01,Accident on US-35 Eastbound at Smithville Rd. Expect delays.,US-35 E,Dayton,Montgomery,OH,45410,US,US/Eastern,KFFO,2016-02-09 07:58:00,22.5,12.4,90.0,29.73,1.2,SW,9.2,0.0,Light Snow,False,False,False,False,False,False,False,False,False,False,False,False,False,Day,Day,Day,Day
A-61,Source2,3,2016-02-09 07:46:41,2016-02-09 08:16:41,40.100903,-82.98410799999998,,,0.01,Accident on I-270 Outerbelt Southbound at Exit 26 I-71.,North Fwy S,Columbus,Franklin,OH,43229,US,US/Eastern,KOSU,2016-02-09 07:50:00,24.8,16.1,86.0,29.65,1.8,West,8.1,0.0,Light Snow,False,False,False,False,False,False,False,False,False,False,False,False,False,Day,Day,Day,Day
A-62,Source2,2,2016-02-09 07:54:44,2016-02-09 08:24:44,39.77280800000001,-84.201851,,,0.0,Accident on 5 Oaks Ave at Forest Ave. Expect delays.,5 Oaks Ave,Dayton,Montgomery,OH,45405-4432,US,US/Eastern,KDAY,2016-02-09 07:54:00,21.2,8.9,93.0,29.69,2.0,West,12.7,0.0,Light Snow,False,False,False,False,False,False,False,False,False,False,False,False,False,Day,Day,Day,Day
A-63,Source2,2,2016-02-09 08:06:39,2016-02-09 08:36:39,39.492485,-84.131798,,,0.01,Accident on US-42 State Route 42 at Middletown Rd. Expect delays.,N State Route 42,Waynesville,Warren,OH,45068-9388,US,US/Eastern,KMGY,2016-02-09 08:14:00,21.0,10.6,81.0,29.7,1.2,WSW,9.2,0.0,Light Snow,False,False,False,False,False,False,False,False,False,False,False,False,False,Day,Day,Day,Day
A-64,Source2,2,2016-02-09 08:12:44,2016-02-09 08:42:44,39.570904,-84.251724,,,0.01,Accident on County Hwy-119 Clearcreek Rd near Tamarack Trl. Expect delays.,Clearcreek Rd,Springboro,Warren,OH,45066-9716,US,US/Eastern,KMGY,2016-02-09 08:14:00,21.0,10.6,81.0,29.7,1.2,WSW,9.2,0.0,Light Snow,False,False,False,False,False,False,False,False,False,False,False,False,False,Day,Day,Day,Day
A-65,Source2,2,2016-02-09 08:10:20,2016-02-09 08:40:20,39.834282,-82.74382,,,0.0,Accident on US-33 Columbus Lancaster Rd Westbound near County Hwy-20 Pickerington Rd. Expect delays.,Columbus Lancaster Rd NW,Carroll,Fairfield,OH,43112,US,US/Eastern,KLHQ,2016-02-09 07:50:00,21.9,10.4,85.0,29.7,0.8,SW,11.5,0.0,Light Snow,False,False,False,False,False,False,False,False,False,False,False,False,False,Day,Day,Day,Day
A-66,Source2,3,2016-02-09 08:23:36,2016-02-09 08:53:36,39.622787,-84.229858,,,0.01,Accident on I-75 Southbound at I-675. Expect delays.,I-75 N,Miamisburg,Montgomery,OH,45342,US,US/Eastern,KMGY,2016-02-09 08:14:00,21.0,10.6,81.0,29.7,1.2,WSW,9.2,0.0,Light Snow,False,False,False,False,False,False,False,False,False,False,False,False,False,Day,Day,Day,Day
A-67,Source2,3,2016-02-09 08:24:29,2016-02-09 08:54:29,39.429871,-84.079666,,,0.01,Right hand shoulder blocked due to accident on I-71 Southbound at Exit 36 County Hwy-7 Wilmington Rd.,Wilmington Rd,Oregonia,Warren,OH,45054,US,US/Eastern,KMGY,2016-02-09 08:14:00,21.0,10.6,81.0,29.7,1.2,WSW,9.2,0.0,Light Snow,False,False,False,False,False,False,False,False,False,False,False,False,False,Day,Day,Day,Day
A-68,Source2,3,2016-02-09 08:20:30,2016-02-09 08:50:30,41.407391,-81.64676700000003,,,0.01,Accident on I-480 Westbound at Exit 20A-B I-77. Expect delays.,Outerbelt South Fwy W,Independence,Cuyahoga,OH,44131,US,US/Eastern,KBKL,2016-02-09 08:28:00,32.0,22.5,82.0,29.58,10.0,WSW,12.7,,Overcast,False,False,False,False,False,False,False,False,False,False,False,False,False,Day,Day,Day,Day
A-69,Source2,3,2016-02-09 08:35:53,2016-02-09 09:05:53,41.424404,-81.57867399999998,,,0.01,Accident on I-480 Eastbound at Exit 23 OH-14 Broadway Ave.,I-480 E,Maple Heights,Cuyahoga,OH,44137,US,US/Eastern,KBKL,2016-02-09 08:28:00,32.0,22.5,82.0,29.58,10.0,WSW,12.7,,Overcast,False,False,False,False,False,False,False,False,False,False,False,False,False,Day,Day,Day,Day
A-70,Source2,3,2016-02-09 10:06:46,2016-02-09 10:36:46,39.89217,-83.039169,,,0.01,One lane blocked due to accident on I-270 Outerbelt Westbound at Exit 55 I-71.,I-71 S,Grove City,Franklin,OH,43123,US,US/Eastern,KTZR,2016-02-09 09:50:00,21.2,9.5,93.0,29.69,5.0,WSW,11.5,,Overcast,False,False,False,False,False,False,False,False,False,False,False,False,False,Day,Day,Day,Day
A-71,Source2,2,2016-02-09 11:09:37,2016-02-09 11:39:37,41.022358,-83.650345,,,0.01,One lane blocked due to accident on Main St Southbound at Lake Cascade Pkwy.,S Main St,Findlay,Hancock,OH,45840-1319,US,US/Eastern,KFDY,2016-02-09 11:04:00,27.0,13.5,81.0,29.64,2.5,WSW,19.6,0.0,Light Snow,False,False,True,False,False,False,False,False,False,False,False,True,False,Day,Day,Day,Day
A-72,Source2,2,2016-02-10 06:18:16,2016-02-10 06:48:16,39.206806,-84.053253,,,0.0,Accident on Short Leuders Rd at OH-133 State Route 133. Expect delays.,Short Leuders Rd,Goshen,Clermont,OH,45122,US,US/Eastern,KI69,2016-02-10 06:16:00,16.2,4.7,81.0,29.95,5.0,West,9.2,,Light Snow,False,False,False,False,False,False,False,False,False,False,False,False,False,Night,Night,Night,Day
A-73,Source2,3,2016-02-10 06:06:00,2016-02-10 09:06:00,39.973797,-83.022285,,,0.01,One lane blocked due to accident on OH-315 Olentangy Fwy Northbound at Goodale St.,Twin Rivers Dr,Columbus,Franklin,OH,43215,US,US/Eastern,KCMH,2016-02-10 06:19:00,15.8,2.7,73.0,29.87,4.0,WSW,11.5,0.0,Light Snow,False,False,False,False,False,False,False,False,False,False,False,False,False,Night,Night,Night,Day
A-74,Source2,2,2016-02-10 06:24:29,2016-02-10 06:54:29,40.048008,-82.86421999999997,,,0.0,Accident on Vista Dr at Hamilton Rd.,N Hamilton Rd,Columbus,Franklin,OH,43230,US,US/Eastern,KCMH,2016-02-10 06:19:00,15.8,2.7,73.0,29.87,4.0,WSW,11.5,0.0,Light Snow,False,False,True,False,False,False,False,False,False,False,False,True,False,Night,Night,Night,Day
A-75,Source2,2,2016-02-10 06:53:02,2016-02-10 07:23:02,39.814526,-84.021744,,,0.01,Accident on OH-444 Central Ave at Kauffman Ave. Expect delays.,S Central Ave,Fairborn,Greene,OH,45324,US,US/Eastern,KFFO,2016-02-10 06:58:00,15.4,1.0,82.0,29.95,7.0,SW,13.8,0.0,Light Snow,False,False,True,False,False,False,True,False,False,False,False,False,False,Night,Night,Day,Day
A-76,Source2,3,2016-02-10 07:50:52,2016-02-10 08:20:52,40.151196,-84.22003199999997,,,0.01,Accident on I-75 Northbound at Exit 82 US-36 Ash St. Expect delays.,E Ash St,Piqua,Miami,OH,45356,US,US/Eastern,KVES,2016-02-10 07:55:00,14.0,-1.4,93.0,29.89,7.0,West,15.0,,Light Snow,False,False,False,False,False,False,False,False,False,False,False,False,False,Day,Day,Day,Day
A-77,Source2,3,2016-02-10 07:50:08,2016-02-10 08:20:08,39.954617,-82.844238,,,0.01,Accident on I-270 Outerbelt Eastbound at Exit 43A-B/41A-B US-40 Main St. Expect delays.,Outerbelt N,Columbus,Franklin,OH,43232,US,US/Eastern,KCMH,2016-02-10 07:51:00,15.1,4.2,77.0,29.92,1.0,SW,8.1,0.01,Light Snow,False,False,False,False,False,False,False,False,False,False,False,False,False,Day,Day,Day,Day
A-78,Source2,2,2016-02-10 08:01:30,2016-02-10 08:31:30,38.990551,-84.207497,,,0.01,Delays due to accident on Lindale Mount Holly Rd at Lindale Nicholsville Rd.,Lindale Nicholsville Rd,New Richmond,Clermont,OH,45157-9006,US,US/Eastern,KI69,2016-02-10 07:56:00,15.8,6.1,88.0,29.96,1.8,West,6.9,,Light Snow,False,False,False,False,False,False,False,False,False,False,False,False,False,Day,Day,Day,Day
A-79,Source2,2,2016-02-10 08:08:36,2016-02-10 08:38:36,40.008995,-83.002678,,,0.0,Accident on Indianola Ave at Oakland Ave. Expect delays.,Indianola Ave,Columbus,Franklin,OH,43202-3023,US,US/Eastern,KOSU,2016-02-10 07:53:00,16.0,1.7,81.0,29.91,1.5,WSW,13.8,0.0,Light Snow,False,False,False,False,False,False,False,False,False,False,False,False,False,Day,Day,Day,Day
A-80,Source2,2,2016-02-10 08:11:22,2016-02-10 08:41:22,39.077332,-84.225014,,,0.0,Accident on Lake Allyn Rd at Amelia Olive Branch Rd.,Lake Allyn Rd,Batavia,Clermont,OH,45103-8992,US,US/Eastern,KI69,2016-02-10 08:16:00,15.8,2.7,84.0,29.97,4.0,West,11.5,,Light Snow,False,False,False,False,False,False,False,False,False,False,False,False,False,Day,Day,Day,Day
A-81,Source2,2,2016-02-10 08:50:54,2016-02-10 09:20:54,39.955452,-82.795845,,,0.01,Accident on US-40 Main St Eastbound at Cypress Aly.,E Main St,Reynoldsburg,Franklin,OH,43068-1207,US,US/Eastern,KCMH,2016-02-10 08:51:00,16.0,4.4,77.0,29.93,1.0,WSW,9.2,0.0,Light Snow,False,False,False,False,False,False,False,False,True,False,False,False,False,Day,Day,Day,Day
A-82,Source2,3,2016-02-10 09:03:53,2016-02-10 09:33:53,40.224586,-82.929085,,,0.01,Accident on I-71 Northbound at Rest Stop North.,North Fwy N,Galena,Delaware,OH,43021,US,US/Eastern,KDLZ,2016-02-10 08:55:00,17.6,5.0,79.0,29.87,3.0,West,11.5,,Haze,False,False,False,False,False,False,False,False,False,False,False,False,False,Day,Day,Day,Day
A-83,Source2,3,2016-02-10 09:42:04,2016-02-10 10:12:04,39.976398,-83.119225,,,0.01,Accident on I-270 Outerbelt Southbound at I-70 Exits 93 93A 93B. Expect delays.,Outerbelt S,Columbus,Franklin,OH,43204,US,US/Eastern,KTZR,2016-02-10 09:50:00,15.8,3.4,79.0,29.91,1.5,West,10.4,,Light Snow,False,False,False,False,False,False,False,False,False,False,False,False,False,Day,Day,Day,Day
A-84,Source2,3,2016-02-10 10:38:58,2016-02-10 11:08:58,39.98560300000001,-82.939247,,,0.01,One lane blocked due to accident on I-670 Eastbound at Exit 7 US-62. Expect delays.,E 5th Ave,Columbus,Franklin,OH,43219,US,US/Eastern,KCMH,2016-02-10 10:51:00,17.1,3.0,77.0,29.96,1.5,West,13.8,0.0,Light Snow,False,False,False,False,False,False,False,False,False,False,False,False,False,Day,Day,Day,Day
A-85,Source2,3,2016-02-10 17:10:00,2016-02-10 23:59:00,41.040714,-81.61314399999998,,,0.01,Left lane blocked due to accident on I-76 Westbound at Exit 16 Barber Rd.,US-224 W,Barberton,Summit,OH,44203,US,US/Eastern,KAKR,2016-02-10 16:54:00,19.9,8.6,81.0,29.89,1.0,WNW,10.4,0.0,Light Snow,False,False,False,False,True,False,False,False,False,False,False,False,False,Day,Day,Day,Day
A-86,Source2,3,2016-02-10 18:09:00,2016-02-10 23:59:00,41.083679,-81.579002,,,1.28,Left lane blocked due to accident on I-77 Northbound between Exit 130 OH-261 Vernon Odom Blvd and Exit 131 OH-162 Copley Rd.,Copley Rd,Akron,Summit,OH,44320-2561,US,US/Eastern,KAKR,2016-02-10 18:10:00,19.9,7.3,78.0,29.87,4.0,WNW,12.7,0.0,Light Snow,False,False,False,False,False,False,False,False,False,False,False,False,False,Night,Day,Day,Day
A-87,Source2,3,2016-02-10 18:41:44,2016-02-10 19:11:44,40.766891,-82.42411,,,0.01,Accident on I-71 Northbound in Crimson. Approach with care.,I-71 N,Mansfield,Richland,OH,44903,US,US/Eastern,KMFD,2016-02-10 18:52:00,16.0,2.9,77.0,29.97,7.0,WSW,11.5,0.0,Overcast,False,False,False,False,False,False,False,False,False,False,False,False,False,Night,Night,Day,Day
A-88,Source2,3,2016-02-11 05:32:29,2016-02-11 06:02:29,41.422199,-81.843018,,,0.01,Accident on I-480 Westbound at Exit 9 OH-17 Brookpark Rd. Expect delays.,Grayton Rd,Cleveland,Cuyahoga,OH,44135,US,US/Eastern,KCLE,2016-02-11 05:51:00,14.0,0.5,56.0,30.14,9.0,NW,11.5,0.0,Light Snow,False,False,False,False,False,False,False,False,False,False,False,False,False,Night,Night,Night,Night
A-89,Source2,3,2016-02-11 05:30:51,2016-02-11 06:00:51,41.063995,-81.57294499999998,,,0.01,Accident on I-77 Southbound at Exit 130 OH-261 Vernon Odom Blvd. Expect delays.,Vernon Odom Blvd,Akron,Summit,OH,44320-4026,US,US/Eastern,KAKR,2016-02-11 05:30:00,14.0,1.2,74.0,30.03,4.0,NW,10.4,0.0,Light Snow,False,False,False,False,False,False,False,False,False,False,False,False,False,Night,Night,Night,Night
A-90,Source2,2,2016-02-11 06:10:07,2016-02-11 06:40:07,39.747753,-84.20558199999998,,,0.01,Accident on US-35 Eastbound at I-75. Expect delays.,I-75 S,Dayton,Montgomery,OH,45417,US,US/Eastern,KDAY,2016-02-11 05:56:00,7.0,-5.7,87.0,30.22,10.0,West,8.1,,Scattered Clouds,False,False,False,False,False,False,False,False,False,False,False,False,False,Night,Night,Night,Day
A-91,Source2,2,2016-02-11 06:20:28,2016-02-11 06:50:28,38.99408,-84.142021,,,0.01,Accident on OH-125 State Route 125 at Bantam Rd. Expect delays.,S Bantam Rd,Bethel,Clermont,OH,45106-9354,US,US/Eastern,KI69,2016-02-11 06:16:00,15.4,,70.0,30.18,10.0,Calm,,,Overcast,False,False,False,False,False,False,False,False,False,True,False,False,False,Night,Night,Night,Day
A-92,Source2,3,2016-02-11 06:29:00,2016-02-11 21:00:00,41.420818,-81.694008,,,0.01,Accident on I-480 Eastbound at Exit 16 OH-94 State Rd. Expect delays.,I-480 E,Cleveland,Cuyahoga,OH,44109,US,US/Eastern,KBKL,2016-02-11 06:53:00,17.1,-0.3,59.0,30.12,10.0,NW,21.9,,Overcast,False,False,False,False,False,False,False,False,False,False,False,False,False,Night,Night,Day,Day
A-93,Source2,2,2016-02-11 07:17:58,2016-02-11 07:47:58,40.030342,-83.030197,,,0.01,Accident on North Broadway St at OH-315 Olentangy Fwy Exits 6 6A-B-C. Expect delays.,Olentangy River Rd,Columbus,Franklin,OH,43202,US,US/Eastern,KOSU,2016-02-11 06:53:00,6.1,-6.8,83.0,30.22,10.0,West,8.1,,Partly Cloudy,False,False,True,False,False,False,False,False,False,False,False,True,False,Night,Day,Day,Day
A-94,Source2,2,2016-02-11 07:18:39,2016-02-11 07:48:39,39.858089,-82.827904,,,0.01,Accident on US-33 Columbus Lancaster Rd at OH-674 Gender Rd. Expect delays.,Gender Rd,Canal Winchester,Franklin,OH,43110,US,US/Eastern,KLCK,2016-02-11 07:15:00,5.0,-2.1,81.0,30.2,10.0,SW,3.5,,Clear,False,False,False,False,False,False,False,False,False,False,False,False,False,Night,Day,Day,Day
A-95,Source2,3,2016-02-11 07:21:55,2016-02-11 07:51:55,41.112324,-81.60992399999998,,,0.01,Accident on I-77 Northbound at Exit 133 Ridgewood Rd. Expect delays.,I-77 S,Akron,Summit,OH,44321,US,US/Eastern,KAKR,2016-02-11 07:28:00,12.0,0.5,80.0,30.08,2.0,West,8.1,0.0,Light Snow,False,False,False,False,False,False,False,False,False,False,False,False,False,Night,Day,Day,Day
A-96,Source2,2,2016-02-11 07:28:16,2016-02-11 07:58:16,39.994061,-82.729416,,,0.01,Accident on OH-16 Broad St at County Hwy-41 Mink St. Expect delays.,Mink St SW,Pataskala,Licking,OH,43062-9413,US,US/Eastern,KVTA,2016-02-11 07:54:00,7.0,,77.0,30.24,10.0,North,,,Overcast,False,False,False,False,False,False,False,False,False,False,False,False,False,Day,Day,Day,Day
A-97,Source2,3,2016-02-11 07:29:06,2016-02-11 08:18:10,41.355396,-81.81926700000002,,,0.01,Accident on I-71 Northbound at Exit 234 US-42 Pearl Rd.,I-71 S,Cleveland,Cuyahoga,OH,44130,US,US/Eastern,KCLE,2016-02-11 07:51:00,15.1,-1.6,51.0,30.18,10.0,NW,18.4,,Mostly Cloudy,False,False,False,False,False,False,False,False,False,False,False,False,False,Day,Day,Day,Day
A-98,Source2,2,2016-02-11 07:53:55,2016-02-11 08:23:55,39.687389,-84.23796800000002,,,0.0,Accident on Vance Rd at Main St. Expect delays.,Vance Rd,Dayton,Montgomery,OH,45439,US,US/Eastern,KMGY,2016-02-11 07:53:00,9.0,,77.0,30.26,9.0,Calm,,,Clear,False,False,False,False,False,False,False,False,False,False,False,False,False,Day,Day,Day,Day
A-99,Source2,2,2016-02-11 08:07:02,2016-02-11 08:37:02,39.751038,-84.214325,,,0.01,Accident on Broadway St at Home Ave. Expect delays.,Home Ave,Dayton,Montgomery,OH,45402-8230,US,US/Eastern,KFFO,2016-02-11 07:58:00,7.5,-1.1,87.0,30.28,10.0,SSW,4.6,,Scattered Clouds,False,False,False,False,False,False,False,False,False,False,False,False,False,Day,Day,Day,Day
A-100,Source2,2,2016-02-11 08:13:24,2016-02-11 08:43:24,39.749916,-84.139359,,,0.01,Accident on US-35 Westbound at Smithville Rd. Expect delays.,US-35 E,Dayton,Montgomery,OH,45410,US,US/Eastern,KFFO,2016-02-11 07:58:00,7.5,-1.1,87.0,30.28,10.0,SSW,4.6,,Scattered Clouds,False,False,False,False,False,False,False,False,False,False,False,False,False,Day,Day,Day,Day
A-101,Source2,2,2016-02-11 08:23:17,2016-02-11 08:53:17,39.97509,-82.88460500000002,,,0.01,Accident on OH-16 Broad St at Yearling Rd. Expect delays.,E Broad St,Columbus,Franklin,OH,43213-1359,US,US/Eastern,KCMH,2016-02-11 08:51:00,12.0,2.7,70.0,30.27,9.0,WNW,5.8,,Overcast,False,False,True,False,False,False,False,False,False,False,False,True,False,Day,Day,Day,Day
A-102,Source3,2,2016-02-11 08:34:14,2016-02-11 09:04:14,40.11195,-83.016663,,,0.48,One lane blocked due to accident on US-23 High St Southbound from Campus View Blvd to Exits 23A 23B I-270 Outerbelt.,N High St,Columbus,Franklin,OH,43235,US,US/Eastern,KOSU,2016-02-11 08:53:00,12.0,1.5,77.0,30.26,10.0,West,6.9,,Overcast,False,False,False,False,True,False,False,False,False,False,False,False,False,Day,Day,Day,Day
A-103,Source2,3,2016-02-11 08:29:21,2016-02-11 08:59:21,41.424313,-81.57914,,,0.01,Accident on I-480 Eastbound at Exit 23 OH-14 Broadway Ave.,I-480 E,Maple Heights,Cuyahoga,OH,44137,US,US/Eastern,KBKL,2016-02-11 08:53:00,18.0,-0.2,54.0,30.16,10.0,WNW,25.3,,Overcast,False,False,False,False,False,False,False,False,False,False,False,False,False,Day,Day,Day,Day
A-104,Source2,2,2016-02-11 09:16:13,2016-02-11 10:01:13,39.691864,-84.211166,,,0.0,Accident on Lamme Rd at Owendale Dr.,Lamme Rd,Dayton,Montgomery,OH,45439,US,US/Eastern,KMGY,2016-02-11 08:53:00,12.0,,73.0,30.28,10.0,Calm,,,Clear,False,False,False,False,False,False,False,False,False,False,False,False,False,Day,Day,Day,Day
A-105,Source2,2,2016-02-11 09:16:13,2016-02-11 10:01:13,39.769173,-84.20728299999998,,,0.0,Accident on Grafton Ave at Grand Ave.,W Grand Ave,Dayton,Montgomery,OH,45405-4408,US,US/Eastern,KDAY,2016-02-11 08:56:00,10.9,0.2,77.0,30.29,10.0,WNW,6.9,,Mostly Cloudy,False,False,False,False,False,False,False,False,False,False,False,True,False,Day,Day,Day,Day
A-106,Source2,2,2016-02-11 09:31:23,2016-02-11 10:01:23,39.75452,-84.159279,,,0.01,Accident on US-35 Eastbound at Steve Whalen Blvd. Expect delays.,US-35 E,Dayton,Montgomery,OH,45410,US,US/Eastern,KFFO,2016-02-11 09:58:00,13.6,7.7,74.0,30.32,10.0,Variable,3.5,,Overcast,False,False,False,False,False,False,False,False,False,False,False,False,False,Day,Day,Day,Day
A-107,Source2,3,2016-02-11 09:37:31,2016-02-11 10:07:31,39.874947,-83.003937,,,0.01,One lane blocked due to accident on I-270 Outerbelt Westbound at Exits 52 52A 52B US-23 High St. Expect delays.,S High St,Columbus,Franklin,OH,43207,US,US/Eastern,KLCK,2016-02-11 09:35:00,10.4,2.2,78.0,30.25,10.0,South,4.6,,Overcast,False,False,False,False,True,False,False,False,False,False,False,False,False,Day,Day,Day,Day
A-108,Source2,2,2016-02-11 09:46:39,2016-02-11 10:16:39,39.769596,-84.176964,,,0.01,Accident on OH-4 Keowee St at Keowee St / OH-4 Valley St. Expect delays.,N Keowee St,Dayton,Montgomery,OH,45404,US,US/Eastern,KFFO,2016-02-11 09:58:00,13.6,7.7,74.0,30.32,10.0,Variable,3.5,,Overcast,False,False,False,False,False,False,False,False,False,False,False,False,False,Day,Day,Day,Day
A-109,Source2,2,2016-02-11 10:48:29,2016-02-11 11:18:29,39.776417,-84.23026999999998,,,0.0,Accident on Burroughs Dr at Cornell Dr. Expect delays.,Burroughs Dr,Dayton,Montgomery,OH,45406,US,US/Eastern,KDAY,2016-02-11 10:56:00,18.0,6.1,68.0,30.32,10.0,WNW,10.4,,Mostly Cloudy,False,False,False,False,False,False,False,False,False,False,False,False,False,Day,Day,Day,Day
A-110,Source2,2,2016-02-11 10:53:56,2016-02-11 11:23:56,39.64185,-84.227455,,,0.0,Accident on Summit Glen Dr near Mall Woods Dr. Expect delays.,Mall Woods Dr,Dayton,Montgomery,OH,45449-3625,US,US/Eastern,KMGY,2016-02-11 10:53:00,18.0,8.7,54.0,30.31,10.0,WNW,6.9,,Clear,False,False,False,False,False,False,False,False,False,False,False,False,False,Day,Day,Day,Day
A-111,Source2,2,2016-02-11 11:21:42,2016-02-11 11:51:42,39.76028400000001,-84.196434,,,0.01,Accident on 2nd St at OH-4 Perry St. Expect delays.,W 2nd St,Dayton,Montgomery,OH,45402-1411,US,US/Eastern,KFFO,2016-02-11 10:58:00,18.5,7.5,62.0,30.32,10.0,WNW,9.2,,Mostly Cloudy,False,False,True,False,False,False,False,False,False,False,False,True,False,Day,Day,Day,Day
A-112,Source2,2,2016-02-11 12:24:45,2016-02-11 13:09:45,39.802528,-84.220093,,,0.01,Accident on OH-48 Main St at Melford Ave.,N Main St,Dayton,Montgomery,OH,45405-1604,US,US/Eastern,KDAY,2016-02-11 11:56:00,19.9,9.3,65.0,30.32,10.0,WNW,9.2,,Mostly Cloudy,False,False,False,False,False,False,False,False,False,False,False,False,False,Day,Day,Day,Day
A-113,Source2,2,2016-02-11 12:24:18,2016-02-11 12:54:18,39.828781,-84.19839499999998,,,0.01,Accident on Dixie Dr at Bartley Rd.,N Dixie Dr,Dayton,Montgomery,OH,45414-3309,US,US/Eastern,KDAY,2016-02-11 11:56:00,19.9,9.3,65.0,30.32,10.0,WNW,9.2,,Mostly Cloudy,False,False,False,False,False,False,False,False,False,False,False,True,False,Day,Day,Day,Day
A-114,Source2,2,2016-02-11 13:44:46,2016-02-11 14:14:46,39.733337,-84.180359,,,0.01,Accident on Brown St at Oakwood Ave.,Springhouse Rd,Dayton,Montgomery,OH,45409,US,US/Eastern,KFFO,2016-02-11 13:58:00,21.6,13.0,49.0,30.3,10.0,West,6.9,,Mostly Cloudy,True,False,True,False,False,False,False,False,False,False,False,True,False,Day,Day,Day,Day
A-115,Source2,2,2016-02-11 14:16:49,2016-02-11 14:46:49,39.759426,-84.138367,,,0.01,Accident on Smithville Rd at Speice Ave.,Speice Ave,Dayton,Montgomery,OH,45403-3130,US,US/Eastern,KFFO,2016-02-11 13:58:00,21.6,13.0,49.0,30.3,10.0,West,6.9,,Mostly Cloudy,False,False,False,False,False,False,False,False,False,False,False,False,False,Day,Day,Day,Day
A-116,Source2,2,2016-02-11 15:34:06,2016-02-11 16:19:06,39.78361500000001,-84.227531,,,0.0,Accident on Auburn Ave at Salem Ave.,Auburn Ave,Dayton,Montgomery,OH,45406-5615,US,US/Eastern,KDAY,2016-02-11 15:56:00,21.0,14.6,57.0,30.32,10.0,WNW,4.6,,Mostly Cloudy,False,False,False,False,False,False,False,False,False,False,False,False,False,Day,Day,Day,Day
A-117,Source2,2,2016-02-11 16:34:27,2016-02-11 17:19:27,39.74004,-84.194923,,,0.01,Accident on Stewart St at Edwin C Moses Blvd.,W Stewart St,Dayton,Montgomery,OH,45417,US,US/Eastern,KDAY,2016-02-11 16:56:00,21.0,11.4,57.0,30.33,10.0,North,8.1,,Mostly Cloudy,False,False,True,False,False,False,False,False,False,False,False,True,False,Day,Day,Day,Day
A-118,Source2,3,2016-02-11 17:10:00,2016-02-11 20:00:00,39.735199,-84.204948,,,0.01,Left lane blocked due to accident on I-75 Southbound at Exit 51 Edwin C Moses Blvd.,I-75 S,Dayton,Montgomery,OH,45417,US,US/Eastern,KDAY,2016-02-11 16:56:00,21.0,11.4,57.0,30.33,10.0,North,8.1,,Mostly Cloudy,False,False,False,False,False,False,False,False,False,False,False,False,False,Day,Day,Day,Day
A-119,Source2,2,2016-02-11 18:27:00,2016-02-11 21:00:00,39.749035,-84.20474200000002,,,0.01,Center lane blocked due to accident on US-35 Westbound at I-75.,I-75 N,Dayton,Montgomery,OH,45402,US,US/Eastern,KFFO,2016-02-11 17:58:00,21.0,11.4,51.0,30.34,10.0,NW,8.1,,Mostly Cloudy,False,False,False,False,False,False,False,False,False,False,False,False,False,Night,Day,Day,Day
A-120,Source2,3,2016-02-11 19:11:00,2016-02-11 21:00:00,39.969223,-82.984131,,,0.01,Right lane blocked due to accident on I-71 Innerbelt Southbound at Exit 108B I-670.,E Innerbelt S,Columbus,Franklin,OH,43203,US,US/Eastern,KCMH,2016-02-11 18:51:00,19.0,,57.0,30.34,9.0,Calm,,0.0,Light Snow,False,False,False,False,False,False,False,False,False,False,False,False,False,Night,Night,Night,Day
A-121,Source3,3,2016-02-11 19:22:00,2016-02-11 21:00:00,39.995369,-82.985085,,,0.01,Right lane blocked due to accident on I-71 Southbound at Exit 110B 11th Ave.,North Fwy S,Columbus,Franklin,OH,43211,US,US/Eastern,KCMH,2016-02-11 19:51:00,17.1,11.7,62.0,30.35,10.0,SW,3.5,0.0,Mostly Cloudy,False,False,False,False,False,False,False,False,False,False,False,False,False,Night,Night,Night,Day
A-122,Source2,3,2016-02-11 20:48:00,2016-02-11 23:54:00,39.744873,-84.205025,,,0.01,Left lane blocked due to accident on I-75 Northbound at Exits 52 52B US-35.,I-75 S,Dayton,Montgomery,OH,45417,US,US/Eastern,KDAY,2016-02-11 20:56:00,17.1,,68.0,30.35,10.0,Calm,,,Scattered Clouds,False,False,False,False,False,False,False,False,False,False,False,False,False,Night,Night,Night,Night
A-123,Source2,2,2016-02-12 16:16:51,2016-02-12 17:01:51,39.749786,-84.199493,,,0.0,Accident on Washington St at Edwin C Moses Blvd.,S Edwin C Moses Blvd,Dayton,Montgomery,OH,45402-8430,US,US/Eastern,KFFO,2016-02-12 16:13:00,26.6,14.3,59.0,30.04,10.0,West,16.1,,Light Snow,False,False,True,False,False,False,False,False,False,False,False,True,False,Day,Day,Day,Day
A-124,Source2,2,2016-02-12 16:42:52,2016-02-12 17:27:52,39.780331,-84.195076,,,0.01,Accident on Stanley Ave at Helena St.,Stanley Ave,Dayton,Montgomery,OH,45404-1016,US,US/Eastern,KFFO,2016-02-12 16:58:00,25.5,12.9,66.0,30.11,7.0,West,16.1,0.0,Light Snow,False,False,False,False,False,False,False,False,False,False,False,False,False,Day,Day,Day,Day
A-125,Source2,3,2016-02-12 17:47:41,2016-02-12 18:52:13,40.109928,-82.97820300000002,,,1.67,Three lanes blocked due to accident on I-71 Southbound between Exit 121 Polaris Pkwy and Exits 119 119A 119B I-270 Outerbelt.,North Fwy S,Columbus,Franklin,OH,43229,US,US/Eastern,KOSU,2016-02-12 17:50:00,23.0,11.1,80.0,30.03,3.0,West,12.7,0.0,Light Snow,False,False,False,False,True,False,False,False,False,False,False,False,False,Day,Day,Day,Day
A-126,Source2,3,2016-02-12 20:04:00,2016-02-12 23:59:00,40.11195,-83.016663,,,0.94,Left lane blocked due to accident on I-270 Outerbelt Eastbound between Exits 22 22A 22B OH-315 Olentangy Fwy and Exit 23 US-23 High St.,N High St,Columbus,Franklin,OH,43235,US,US/Eastern,KOSU,2016-02-12 19:53:00,19.0,1.6,71.0,30.14,5.0,NW,24.2,0.0,Light Snow,False,False,False,False,True,False,False,False,False,False,False,False,False,Night,Night,Night,Night
A-127,Source2,3,2016-02-12 20:12:00,2016-02-12 23:59:00,40.112156,-83.035072,,,0.94,Left lane blocked due to accident on I-270 Outerbelt Westbound between Exit 23 US-23 High St and Exits 22 22A 22B OH-315 Olentangy Fwy.,Outerbelt E,Columbus,Franklin,OH,43235,US,US/Eastern,KOSU,2016-02-12 19:53:00,19.0,1.6,71.0,30.14,5.0,NW,24.2,0.0,Light Snow,False,False,False,False,True,False,False,False,False,False,False,False,False,Night,Night,Night,Night
A-128,Source2,3,2016-02-12 20:41:00,2016-02-12 23:59:00,39.871761,-82.933449,,,2.79,Left lane blocked due to accident on I-270 Outerbelt Westbound between Exits 46 46A 46B US-33 and Exit 49 Alum Creek Dr.,Outerbelt E,Columbus,Franklin,OH,43207,US,US/Eastern,KLCK,2016-02-12 20:35:00,19.9,3.2,62.0,30.13,10.0,NW,23.0,,Scattered Clouds,False,False,False,False,False,False,False,False,False,False,False,False,False,Night,Night,Night,Night
A-129,Source2,3,2016-02-12 23:48:00,2016-02-13 01:00:00,39.934517,-82.86065699999997,,,0.01,Accident on I-70 Eastbound at Exits 108 108A-B I-270 Outerbelt.,I-70 E,Columbus,Franklin,OH,43232,US,US/Eastern,KCMH,2016-02-12 23:51:00,16.0,1.7,68.0,30.25,10.0,NW,13.8,0.0,Mostly Cloudy,False,False,False,False,False,False,False,False,False,False,False,False,False,Night,Night,Night,Night
A-130,Source2,3,2016-02-13 11:05:00,2016-02-13 11:35:00,40.02404,-82.99479699999998,,,0.01,Accident on I-71 Northbound at Exit 113 Silver Dr.,E Weber Rd,Columbus,Franklin,OH,43211,US,US/Eastern,KCMH,2016-02-13 10:51:00,10.0,-4.5,44.0,30.54,10.0,NW,11.5,,Partly Cloudy,False,False,False,False,False,False,False,False,False,False,False,False,False,Day,Day,Day,Day
A-131,Source2,3,2016-02-13 11:05:21,2016-02-13 12:05:21,41.014015,-81.932777,,,0.01,Accident on I-71 Northbound in Westfield Center.,I-71 N,Seville,Medina,OH,44273,US,US/Eastern,KBJJ,2016-02-13 10:56:00,8.1,-8.4,61.0,30.48,10.0,WNW,13.8,,Scattered Clouds,False,False,False,False,False,False,False,False,False,False,False,False,False,Day,Day,Day,Day
A-132,Source2,2,2016-02-13 11:17:01,2016-02-13 12:17:01,40.575069,-82.528145,,,0.01,Accident on OH-13 State Route 13 Northbound at Smith Rd.,State Route 13,Bellville,Richland,OH,44813-9053,US,US/Eastern,KMFD,2016-02-13 10:52:00,7.0,-8.3,58.0,30.49,10.0,WNW,11.5,,Clear,False,False,False,False,False,False,False,False,False,False,False,False,False,Day,Day,Day,Day
A-133,Source2,3,2016-02-13 11:25:42,2016-02-13 11:55:42,39.996578,-84.21680500000002,,,0.01,Accident on I-75 Southbound at Exit 73 OH-55 State Route 55. Approach with care.,I-75 S,Troy,Miami,OH,45373,US,US/Eastern,KDAY,2016-02-13 10:56:00,10.9,-1.8,51.0,30.57,10.0,NW,9.2,,Scattered Clouds,False,False,False,False,False,False,False,False,False,False,False,False,False,Day,Day,Day,Day
A-134,Source2,3,2016-02-13 12:56:31,2016-02-13 13:26:31,39.986324,-82.985458,,,0.01,Left lane blocked due to accident on I-71 North Fwy Southbound at 5th Ave.,North Fwy S,Columbus,Franklin,OH,43201,US,US/Eastern,KCMH,2016-02-13 12:51:00,12.9,-3.4,43.0,30.53,10.0,NNW,16.1,,Mostly Cloudy,False,False,False,False,True,False,False,False,False,False,False,False,False,Day,Day,Day,Day
A-135,Source2,3,2016-02-13 12:55:47,2016-02-13 13:25:47,40.013062,-82.90213,,,0.01,Right hand shoulder blocked due to accident on I-270 Outerbelt Northbound at Exits 35A 35B I-670 Northeast Fwy.,Outerbelt N,Columbus,Franklin,OH,43230,US,US/Eastern,KCMH,2016-02-13 12:51:00,12.9,-3.4,43.0,30.53,10.0,NNW,16.1,,Mostly Cloudy,False,False,False,False,False,False,False,False,False,False,False,False,False,Day,Day,Day,Day
A-136,Source2,3,2016-02-14 10:13:00,2016-02-14 23:59:00,39.981709,-82.98436,,,0.01,Left lane closed due to accident on I-71 Innerbelt Northbound at Exit 108B I-670.,North Fwy N,Columbus,Franklin,OH,43201,US,US/Eastern,KCMH,2016-02-14 09:51:00,10.0,0.4,70.0,30.52,10.0,SE,5.8,,Scattered Clouds,False,False,False,False,False,False,False,False,False,False,False,False,False,Day,Day,Day,Day
A-137,Source2,3,2016-02-14 10:49:23,2016-02-14 11:19:23,39.953022,-82.99889399999998,,,0.01,Right lane closed due to accident on I-71 Eastbound at US-23 High St.,S High St,Columbus,Franklin,OH,43215,US,US/Eastern,KCMH,2016-02-14 10:51:00,12.9,-0.2,65.0,30.5,10.0,SSE,10.4,,Scattered Clouds,False,False,False,False,False,False,False,False,False,False,False,False,False,Day,Day,Day,Day
A-138,Source2,3,2016-02-14 10:41:57,2016-02-14 11:11:57,39.973812,-82.983162,,,0.01,Lane blocked due to accident on I-670 Northbound at Exits 4C 5 5A 5B I-71 Innerbelt.,I-670 E,Columbus,Franklin,OH,43203,US,US/Eastern,KCMH,2016-02-14 10:51:00,12.9,-0.2,65.0,30.5,10.0,SSE,10.4,,Scattered Clouds,False,False,False,False,False,False,False,False,False,False,False,False,False,Day,Day,Day,Day
A-139,Source2,3,2016-02-14 18:15:23,2016-02-14 19:30:00,39.978306,-82.852554,,,0.01,Accident on I-270 Outerbelt Northbound at Exit 39 OH-16 Broad St.,E Broad St,Columbus,Franklin,OH,43213,US,US/Eastern,KCMH,2016-02-14 18:06:00,15.8,3.4,79.0,30.24,0.5,ESE,10.4,0.0,Snow,False,False,False,False,True,False,False,False,False,False,False,False,False,Night,Day,Day,Day
A-140,Source2,3,2016-02-14 19:17:01,2016-02-14 20:30:00,39.917412,-83.014236,,,0.01,Lane blocked due to accident on I-71 Northbound at Exit 104 OH-104 Frank Rd.,Frank Rd,Columbus,Franklin,OH,43223,US,US/Eastern,KTZR,2016-02-14 19:15:00,17.6,,86.0,30.23,1.0,Calm,,,Light Snow,False,False,False,False,False,False,False,False,False,False,False,False,False,Night,Night,Night,Day
A-141,Source2,2,2016-02-15 04:53:47,2016-02-15 05:23:47,39.469582,-83.712799,,,0.01,Accident on US-22 US Highway 22 3 both ways at County Hwy-9 Melvin Rd.,E US Highway 22 3,Wilmington,Clinton,OH,45177-7762,US,US/Eastern,KILN,2016-02-15 04:54:00,23.0,13.9,96.0,30.09,2.5,SSE,8.1,,Overcast,False,False,False,False,False,False,False,False,False,False,False,False,False,Night,Night,Night,Night
A-142,Source2,2,2016-02-15 05:22:00,2016-02-15 05:52:00,39.63958,-84.234818,,,0.01,Accident on Byers Rd near Monarch Ln.,Byers Rd,Miamisburg,Montgomery,OH,45342-3613,US,US/Eastern,KMGY,2016-02-15 05:03:00,23.0,13.9,92.0,29.97,1.5,SSE,8.1,,Overcast,False,False,False,False,False,False,False,False,False,False,False,False,False,Night,Night,Night,Night
A-143,Source2,3,2016-02-15 05:42:25,2016-02-15 06:12:25,39.975986,-82.996307,,,0.71,Lane blocked due to accident on I-670 Westbound between i-71 North Fwy Exits 109A 109B and Third St.,I-670 W,Columbus,Franklin,OH,43215,US,US/Eastern,KCMH,2016-02-15 05:51:00,21.9,14.5,89.0,30.06,5.0,SE,5.8,0.0,Light Freezing Drizzle,False,False,False,False,True,False,False,False,False,False,False,False,False,Night,Night,Night,Night
A-144,Source2,3,2016-02-15 06:36:00,2016-02-15 09:00:00,39.951401,-83.040161,,,0.01,Left lane closed due to accident on I-70 Westbound at Exit 98A US-62 Central Ave.,I-70 W,Columbus,Franklin,OH,43223,US,US/Eastern,KTZR,2016-02-15 06:15:00,22.8,13.6,96.0,30.02,3.0,SSE,8.1,,Light Snow,False,False,False,False,False,False,False,False,False,False,False,False,False,Night,Night,Day,Day
A-145,Source2,2,2016-02-15 07:02:39,2016-02-15 07:32:39,39.96888,-83.022263,,,2.04,Lane blocked due to accident on OH-315 Innerbelt Southbound from Olentangy River Rd to I-670.,North Innerbelt W,Columbus,Franklin,OH,43215,US,US/Eastern,KCMH,2016-02-15 07:01:00,23.0,15.8,86.0,30.03,3.0,SE,5.8,0.0,Light Freezing Drizzle,False,False,False,False,False,False,False,False,False,False,False,False,False,Night,Day,Day,Day
A-146,Source2,3,2016-02-15 07:17:51,2016-02-15 07:47:51,39.804295,-84.178917,,,0.01,Accident on Webster St at Wagoner Ford Rd.,Webster St,Dayton,Montgomery,OH,45414-4935,US,US/Eastern,KDAY,2016-02-15 06:56:00,23.0,15.8,96.0,30.03,0.2,SSE,5.8,0.0,Light Freezing Drizzle,False,False,False,False,False,False,False,False,False,False,False,False,False,Night,Day,Day,Day
A-147,Source2,2,2016-02-15 07:15:56,2016-02-15 07:45:56,39.831444,-84.097267,,,0.0,Lane blocked due to accident on Heritage Park Blvd at Greeley Ave.,Greeley Ave,Dayton,Montgomery,OH,45424-1794,US,US/Eastern,KFFO,2016-02-15 06:58:00,24.1,17.0,98.0,30.04,1.5,SSE,5.8,0.0,Light Snow,False,False,False,False,False,False,False,False,False,False,False,False,False,Night,Day,Day,Day
A-148,Source2,3,2016-02-15 07:07:00,2016-02-15 10:00:00,39.890587,-83.03538499999998,,,0.01,Right lane closed due to accident on I-270 Outerbelt Westbound at I-71 Exit 101.,Outerbelt W,Grove City,Franklin,OH,43123,US,US/Eastern,KTZR,2016-02-15 07:20:00,24.8,17.9,100.0,30.01,1.5,SE,5.8,,Light Snow,False,False,False,False,False,False,False,False,False,False,False,False,False,Night,Day,Day,Day
A-149,Source2,3,2016-02-15 07:23:58,2016-02-15 07:53:58,39.770977,-84.183914,,,0.01,Accident on I-75 Southbound at Exits 54A 54B OH-4.,OH-4 S,Dayton,Montgomery,OH,45404,US,US/Eastern,KFFO,2016-02-15 07:38:00,24.8,,100.0,30.04,1.5,SSW,2.3,,Light Freezing Drizzle,False,False,False,False,False,False,False,False,False,False,False,False,False,Night,Day,Day,Day
A-150,Source2,2,2016-02-15 07:28:24,2016-02-15 07:58:24,39.808121,-84.173477,,,0.01,Lane blocked due to accident on Wagoner Ford Rd at Chuck Wagner Ln.,Chuck Wagner Ln,Dayton,Montgomery,OH,45414,US,US/Eastern,KDAY,2016-02-15 07:56:00,24.1,18.2,96.0,30.02,0.8,SE,4.6,0.0,Light Freezing Drizzle,False,False,False,False,False,False,False,False,False,False,False,False,False,Night,Day,Day,Day
A-151,Source2,2,2016-02-15 07:37:49,2016-02-15 08:07:49,41.410461,-81.725853,,,0.0,Accident on Westlake Ave at Torrington Ave.,Westlake Ave,Cleveland,Cuyahoga,OH,44129-2344,US,US/Eastern,KCLE,2016-02-15 07:51:00,21.0,9.3,85.0,30.1,4.0,SSE,11.5,0.0,Light Snow,False,False,False,False,False,False,False,False,False,False,False,False,False,Day,Day,Day,Day
A-152,Source2,3,2016-02-15 07:46:58,2016-02-15 08:16:58,39.747753,-84.20558199999998,,,0.01,Lane blocked due to accident on I-75 Northbound at Exits 52 52B US-35.,I-75 S,Dayton,Montgomery,OH,45417,US,US/Eastern,KDAY,2016-02-15 07:56:00,24.1,18.2,96.0,30.02,0.8,SE,4.6,0.0,Light Freezing Drizzle,False,False,False,False,False,False,False,False,False,False,False,False,False,Day,Day,Day,Day
A-153,Source2,3,2016-02-15 07:52:29,2016-02-15 08:22:29,39.6395,-84.23136099999998,,,0.01,Lane blocked due to accident on I-75 Northbound at OH-725 Miamisburg Centerville Rd.,Miamisburg Centerville Rd,Dayton,Montgomery,OH,45449,US,US/Eastern,KMGY,2016-02-15 07:53:00,26.1,17.6,92.0,30.01,4.0,South,8.1,,Overcast,False,False,False,False,False,False,False,False,False,False,False,False,False,Day,Day,Day,Day
A-154,Source2,2,2016-02-15 08:00:58,2016-02-15 08:30:58,39.94537,-82.88744399999999,,,0.01,Lane blocked due to accident on Livingston Ave at Yearling Rd.,S Yearling Rd,Columbus,Franklin,OH,43227-2072,US,US/Eastern,KCMH,2016-02-15 07:51:00,24.1,17.0,91.0,30.06,1.0,SE,5.8,0.01,Light Freezing Drizzle,False,False,False,False,False,False,False,False,True,False,False,True,False,Day,Day,Day,Day
A-155,Source2,2,2016-02-15 08:11:33,2016-02-15 08:41:33,39.79813,-84.24479699999998,,,0.01,Lane blocked due to accident on Siebenthaler Ave at Klepinger Rd.,Klepinger Rd,Dayton,Montgomery,OH,45406,US,US/Eastern,KDAY,2016-02-15 08:23:00,25.0,17.1,96.0,29.99,0.8,South,6.9,0.0,Overcast,False,False,False,False,False,False,False,False,False,False,False,True,False,Day,Day,Day,Day
A-156,Source2,2,2016-02-15 08:10:15,2016-02-15 08:40:15,40.081715,-82.89576,,,0.01,Lane blocked due to accident on OH-161 New Albany Expy Eastbound at Sunbury Rd.,S Sunbury Rd,Westerville,Franklin,OH,43081,US,US/Eastern,KCMH,2016-02-15 07:51:00,24.1,17.0,91.0,30.06,1.0,SE,5.8,0.01,Light Freezing Drizzle,False,False,False,False,False,False,False,False,False,False,False,True,False,Day,Day,Day,Day
A-157,Source2,2,2016-02-15 08:15:01,2016-02-15 09:04:00,41.111031,-81.550728,,,0.0,Accident on Burning Tree Dr near Saint Andrews Dr.,Burning Tree Dr,Akron,Summit,OH,44303-1209,US,US/Eastern,KAKR,2016-02-15 08:03:00,23.0,15.8,85.0,30.03,2.0,SSE,5.8,,Overcast,False,False,False,False,False,False,False,False,False,False,False,False,False,Day,Day,Day,Day
A-158,Source2,2,2016-02-15 08:31:47,2016-02-15 09:01:47,40.082016,-82.937119,,,0.01,Accident on OH-161 Dublin Granville Rd at Ponderosa Dr.,E Dublin Granville Rd,Columbus,Franklin,OH,43231,US,US/Eastern,KCMH,2016-02-15 08:51:00,26.1,19.4,88.0,30.06,1.0,SSE,5.8,0.01,Light Freezing Drizzle,False,False,False,False,False,False,False,False,False,False,False,True,False,Day,Day,Day,Day
A-159,Source2,2,2016-02-15 08:39:04,2016-02-15 09:09:04,39.763363,-84.15535,,,0.0,Accident on 4th St at Philadelphia St.,E 4th St,Dayton,Montgomery,OH,45403-2111,US,US/Eastern,KFFO,2016-02-15 08:58:00,27.0,23.0,98.0,30.04,2.5,SSW,3.5,0.0,Light Freezing Drizzle,False,False,False,False,False,False,False,False,False,False,False,False,False,Day,Day,Day,Day
A-160,Source2,2,2016-02-15 11:31:02,2016-02-15 12:01:02,39.740063,-84.191833,,,0.01,Accident on Stewart St at Patterson Blvd.,W Stewart St,Dayton,Montgomery,OH,45402,US,US/Eastern,KFFO,2016-02-15 11:51:00,32.0,26.4,100.0,29.99,1.5,SSE,5.8,,Overcast,False,False,True,False,False,False,False,False,False,False,False,True,False,Day,Day,Day,Day
A-161,Source2,2,2016-02-15 12:30:47,2016-02-15 13:15:47,39.99876,-82.625221,,,0.01,Accident on County Hwy-39 York Rd at County Hwy-34 Blacks Rd.,Blacks Rd SW,Pataskala,Licking,OH,43062-8599,US,US/Eastern,KVTA,2016-02-15 12:54:00,32.0,24.8,85.0,29.99,5.0,South,8.1,,Overcast,False,False,False,False,False,False,False,False,False,False,False,False,False,Day,Day,Day,Day
A-162,Source2,2,2016-02-15 12:34:50,2016-02-15 13:19:50,39.740063,-84.191833,,,0.01,Accident on Stewart St at Patterson Blvd.,W Stewart St,Dayton,Montgomery,OH,45402,US,US/Eastern,KFFO,2016-02-15 12:27:00,32.0,26.4,100.0,29.98,4.0,South,5.8,,Overcast,False,False,True,False,False,False,False,False,False,False,False,True,False,Day,Day,Day,Day
A-163,Source2,2,2016-02-15 12:53:44,2016-02-15 13:23:44,39.99519,-82.86859100000002,,,0.01,Accident on OH-317 Hamilton Rd near Sawyer Rd.,Sawyer Rd,Columbus,Franklin,OH,43219,US,US/Eastern,KCMH,2016-02-15 12:51:00,30.9,23.5,89.0,29.99,2.0,South,8.1,0.0,Mostly Cloudy,False,False,False,False,False,False,False,False,False,False,False,True,False,Day,Day,Day,Day
A-164,Source2,1,2016-02-15 17:22:10,2016-02-15 18:07:10,41.395805,-81.935562,,,0.0,Accident on Westlawn Dr at Holly Dr.,Maplehurst Rd,North Olmsted,Cuyahoga,OH,44070-5152,US,US/Eastern,KCLE,2016-02-15 17:51:00,33.1,27.7,82.0,29.95,7.0,SSE,5.8,,Overcast,False,False,False,False,False,False,False,False,False,False,False,False,False,Day,Day,Day,Day
A-165,Source2,2,2016-02-15 18:27:18,2016-02-15 19:12:18,39.887058,-82.883263,,,0.01,Accident on OH-317 Hamilton Rd Southbound at Williams Rd. Approach with care.,Williams Rd,Groveport,Franklin,OH,43125,US,US/Eastern,KLCK,2016-02-15 18:35:00,33.6,30.6,94.0,29.86,7.0,East,3.5,,Light Drizzle,False,False,False,False,False,False,False,False,False,False,False,True,False,Night,Day,Day,Day
A-166,Source2,3,2016-02-15 19:37:18,2016-02-15 20:22:18,39.824703,-83.141228,,,0.01,Right lane blocked due to accident on I-71 Northbound at Exit 94 US-62 Harrisburg Pike. Approach with care.,I-71 N,Orient,Franklin,OH,43146,US,US/Eastern,KTZR,2016-02-15 19:35:00,32.9,,100.0,29.86,1.8,Calm,,,Overcast,False,False,False,False,False,False,False,False,False,False,False,False,False,Night,Night,Night,Day
A-167,Source2,2,2016-02-15 21:09:25,2016-02-15 21:39:25,40.977516,-82.790749,,,0.0,Accident on County Hwy-208 Auburn Rd at County Hwy-50 Scott Rd.,N Auburn Rd,Tiro,Crawford,OH,44887-9600,US,US/Eastern,KMFD,2016-02-15 20:52:00,32.0,26.4,100.0,29.88,0.5,ESE,5.8,,Fog,False,False,False,False,False,False,False,False,False,False,False,False,False,Night,Night,Night,Night
A-168,Source2,3,2016-02-16 04:05:51,2016-02-16 04:35:51,40.11195,-83.016663,,,0.01,One lane blocked due to accident on I-270 Outerbelt Westbound at Exit 23 US-23 High St. Expect delays.,N High St,Columbus,Franklin,OH,43235,US,US/Eastern,KOSU,2016-02-16 03:53:00,32.0,24.8,100.0,29.71,1.2,NW,8.1,0.04,Light Snow,False,False,False,False,True,False,False,False,False,False,False,False,False,Night,Night,Night,Night
A-169,Source2,3,2016-02-16 04:32:29,2016-02-16 05:02:29,41.150993,-81.631393,,,0.01,Accident on I-77 Northbound at Exit 138 Ghent Rd. Expect delays.,I-77 S,Akron,Summit,OH,44333,US,US/Eastern,KAKR,2016-02-16 04:54:00,34.0,28.0,89.0,29.67,1.2,North,6.9,0.03,Light Snow,False,False,False,False,True,False,False,False,False,False,False,False,False,Night,Night,Night,Night
A-170,Source2,3,2016-02-16 05:22:24,2016-02-16 05:52:24,39.824703,-83.141228,,,0.01,Accident on I-71 Northbound at Exit 94 US-62 Harrisburg Pike. Expect delays.,I-71 N,Orient,Franklin,OH,43146,US,US/Eastern,KTZR,2016-02-16 05:15:00,32.2,25.8,100.0,29.7,3.0,NW,6.9,,Light Snow,False,False,False,False,False,False,False,False,False,False,False,False,False,Night,Night,Night,Night
A-171,Source2,2,2016-02-16 05:37:52,2016-02-16 06:07:52,39.885872,-82.806198,,,0.0,Accident on Wright Rd at Bowen Rd. Expect delays.,Bowen Rd,Canal Winchester,Franklin,OH,43110,US,US/Eastern,KLCK,2016-02-16 05:35:00,32.0,26.4,99.0,29.69,2.5,NNW,5.8,,Light Snow,False,False,False,False,False,False,False,False,False,False,False,False,False,Night,Night,Night,Night
A-172,Source2,3,2016-02-16 06:05:20,2016-02-16 06:50:20,40.11195,-83.016663,,,0.01,One lane blocked due to accident on I-270 Outerbelt Westbound at Exit 23 US-23 High St.,N High St,Columbus,Franklin,OH,43235,US,US/Eastern,KOSU,2016-02-16 05:53:00,33.1,26.1,96.0,29.71,5.0,NNW,8.1,0.0,Overcast,False,False,False,False,True,False,False,False,False,False,False,False,False,Night,Night,Night,Day
A-173,Source2,3,2016-02-16 06:17:32,2016-02-16 06:47:32,40.09917100000001,-83.134499,,,0.01,Accident on I-270 Outerbelt Northbound at Exits 17A 17B US-33 Columbus Marysville Rd. Expect delays.,Columbus Marysville Rd N,Dublin,Franklin,OH,43017,US,US/Eastern,KOSU,2016-02-16 05:53:00,33.1,26.1,96.0,29.71,5.0,NNW,8.1,0.0,Overcast,False,False,False,False,False,False,False,False,False,False,False,False,False,Night,Night,Night,Day
A-174,Source2,2,2016-02-16 06:32:55,2016-02-16 07:02:55,40.012829,-83.109131,,,0.01,Accident on Scioto Darby Rd at Dublin Rd. Expect delays.,Scioto Darby Rd,Columbus,Franklin,OH,43221,US,US/Eastern,KOSU,2016-02-16 06:53:00,32.0,23.0,96.0,29.71,5.0,NNW,11.5,,Overcast,False,False,False,False,False,False,False,False,False,False,False,True,False,Night,Night,Day,Day
A-175,Source2,2,2016-02-16 06:29:15,2016-02-16 06:59:15,40.048183,-82.945183,,,0.01,Accident on OH-3 Westerville Rd at Ferris Rd / Walnut Creek Dr. Expect delays.,Westerville Rd,Columbus,Franklin,OH,43224-2585,US,US/Eastern,KCMH,2016-02-16 06:51:00,32.0,23.6,92.0,29.71,2.0,NNW,10.4,0.01,Overcast,False,False,False,False,False,False,False,False,False,False,False,False,False,Night,Night,Day,Day
A-176,Source2,2,2016-02-16 06:39:15,2016-02-16 07:09:15,39.77792,-84.246872,,,0.0,Accident on Karwin Dr at Otterbein Ave. Expect delays.,Otterbein Ave,Dayton,Montgomery,OH,45406-3629,US,US/Eastern,KDAY,2016-02-16 06:56:00,30.9,22.2,96.0,29.78,2.0,NW,10.4,,Overcast,False,False,False,False,False,False,False,False,False,False,False,False,False,Night,Night,Day,Day
A-177,Source2,3,2016-02-16 06:34:11,2016-02-16 07:04:11,39.917412,-83.014236,,,1.65,Left hand shoulder blocked due to accident on I-71 Southbound from Exit 105 Greenlawn Ave to Exit 104 OH-104 Frank Rd.,Frank Rd,Columbus,Franklin,OH,43223,US,US/Eastern,KTZR,2016-02-16 06:15:00,32.2,25.8,100.0,29.69,4.0,NNW,6.9,,Overcast,False,False,False,False,False,False,False,False,False,False,False,False,False,Night,Night,Day,Day
A-178,Source2,3,2016-02-16 06:47:00,2016-02-16 07:17:00,41.313236,-81.810959,,,0.01,One lane blocked due to jackknifed truck on I-71 Southbound at Exits 231 231A 231B OH-82 Royalton Rd. Expect delays.,I-71 N,Strongsville,Cuyahoga,OH,44136,US,US/Eastern,KCLE,2016-02-16 06:51:00,32.0,24.8,92.0,29.73,1.8,North,8.1,0.02,Light Snow,False,False,False,False,False,False,False,False,False,False,False,False,False,Night,Night,Day,Day
A-179,Source2,2,2016-02-16 06:50:07,2016-02-16 07:20:07,39.691998,-84.043655,,,0.01,Accident on Alpha Bellbrook Rd at Indian Ripple Rd. Expect delays.,Indian Ripple Rd,Beavercreek,Montgomery,OH,45440-3606,US,US/Eastern,KMGY,2016-02-16 06:53:00,32.0,24.8,88.0,29.76,3.0,NW,8.1,,Overcast,False,False,False,False,False,False,False,False,False,False,False,False,False,Night,Night,Day,Day
A-180,Source2,2,2016-02-16 06:50:44,2016-02-16 07:20:44,39.852417,-82.93860600000002,,,0.01,Accident on Alum Creek Dr at Toy Rd. Expect delays.,Toy Rd,Groveport,Franklin,OH,43125,US,US/Eastern,KLCK,2016-02-16 06:55:00,32.0,24.8,99.0,29.7,7.0,NW,8.1,,Overcast,False,False,False,False,False,False,False,False,False,False,False,True,False,Night,Night,Day,Day
A-181,Source2,3,2016-02-16 07:02:31,2016-02-16 07:32:31,39.956909,-83.044914,,,0.01,Left hand shoulder blocked due to accident on I-70 Westbound at Exit 97 US-40 Broad St.,I-70 E,Columbus,Franklin,OH,43223,US,US/Eastern,KTZR,2016-02-16 07:25:00,32.0,25.6,100.0,29.72,3.0,NNW,6.9,,Overcast,False,False,False,False,False,False,False,False,False,False,False,False,False,Night,Day,Day,Day
A-182,Source2,2,2016-02-16 07:10:35,2016-02-16 07:40:35,39.602947,-82.951836,,,0.01,One lane blocked due to accident on US-23 US Highway 23 Southbound at US-22 US Highway 22 / US-22. Expect delays.,OH-56,Circleville,Pickaway,OH,43113,US,US/Eastern,KLCK,2016-02-16 07:15:00,32.0,23.6,99.0,29.71,7.0,NW,10.4,,Overcast,False,False,False,False,False,False,False,False,False,False,False,False,False,Night,Day,Day,Day
A-183,Source2,2,2016-02-16 07:12:17,2016-02-16 07:42:17,39.89188400000001,-83.087547,,,0.01,Accident on Southwest Blvd at Farm Bank Way.,Southwest Blvd,Grove City,Franklin,OH,43123-2251,US,US/Eastern,KTZR,2016-02-16 07:25:00,32.0,25.6,100.0,29.72,3.0,NNW,6.9,,Overcast,False,False,False,False,False,False,False,False,False,False,False,False,False,Night,Day,Day,Day
A-184,Source2,2,2016-02-16 07:29:07,2016-02-16 07:59:07,39.78508400000001,-84.210564,,,0.01,Accident on OH-48 Main St at Fairview Ave. Expect delays.,N Main St,Dayton,Montgomery,OH,45405-3527,US,US/Eastern,KDAY,2016-02-16 07:27:00,30.0,21.1,100.0,29.75,2.0,NNW,10.4,,Overcast,False,False,False,False,False,False,False,False,False,False,False,True,False,Day,Day,Day,Day
A-185,Source2,3,2016-02-16 07:52:41,2016-02-16 08:22:41,40.1105,-82.977524,,,0.01,Accident on I-71 Northbound at Exits 119 119A 119B I-270 Outerbelt. Expect delays.,Outerbelt W,Columbus,Franklin,OH,43085,US,US/Eastern,KOSU,2016-02-16 07:53:00,32.0,24.2,96.0,29.75,3.0,NW,9.2,,Overcast,False,False,False,False,False,False,False,False,False,False,False,False,False,Day,Day,Day,Day
A-186,Source2,2,2016-02-16 07:55:23,2016-02-16 08:25:23,40.757088,-82.50975,,,0.01,Accident on US-42 2nd St at US-42 Hedges St / 2nd St. Expect delays.,E 2nd St,Mansfield,Richland,OH,44902-2068,US,US/Eastern,KMFD,2016-02-16 07:52:00,30.0,21.1,100.0,29.73,5.0,NNW,10.4,0.0,Overcast,False,False,False,False,False,False,False,False,False,True,False,False,False,Day,Day,Day,Day
A-187,Source2,3,2016-02-16 07:56:09,2016-02-16 08:26:09,41.063995,-81.57294499999998,,,0.01,Accident on I-77 Southbound at Exit 130 OH-261 Vernon Odom Blvd. Expect delays.,Vernon Odom Blvd,Akron,Summit,OH,44320-4026,US,US/Eastern,KAKR,2016-02-16 07:54:00,34.0,28.0,89.0,29.68,1.8,North,6.9,0.0,Light Snow,False,False,False,False,False,False,False,False,False,False,False,False,False,Day,Day,Day,Day
A-188,Source2,3,2016-02-16 07:58:47,2016-02-16 08:28:47,40.004749,-82.867638,,,0.01,One lane blocked due to accident on I-270 Outerbelt Northbound at Exit 37 OH-317 Hamilton Rd. Expect delays.,N Hamilton Rd,Columbus,Franklin,OH,43230,US,US/Eastern,KCMH,2016-02-16 07:51:00,32.0,24.8,88.0,29.75,5.0,NNW,8.1,,Overcast,False,False,False,False,False,False,False,False,False,False,False,False,False,Day,Day,Day,Day
A-189,Source2,2,2016-02-16 08:13:51,2016-02-16 08:43:51,40.033955,-83.000862,,,0.01,Accident on US-23 Indianola Ave at Dunedin Rd.,Indianola Ave,Columbus,Franklin,OH,43214-3810,US,US/Eastern,KOSU,2016-02-16 07:53:00,32.0,24.2,96.0,29.75,3.0,NW,9.2,,Overcast,False,False,False,False,False,False,False,False,True,False,False,False,False,Day,Day,Day,Day
A-190,Source2,2,2016-02-16 08:20:32,2016-02-16 08:50:32,38.929512,-83.495262,,,1.65,One lane blocked due to accident on OH-32 Appalachian Hwy Westbound from County Hwy-13 Lawshe Rd to Barry McFarland Dr.,Appalachian Hwy,Peebles,Adams,OH,45660,US,US/Eastern,KILN,2016-02-16 08:12:00,30.9,22.8,100.0,29.76,1.0,WNW,9.2,,Overcast,False,False,False,False,False,False,False,False,False,False,False,False,False,Day,Day,Day,Day
A-191,Source2,3,2016-02-16 08:26:30,2016-02-16 08:56:30,39.973419,-83.081558,,,0.01,One lane blocked due to accident on I-70 Westbound at Exit 95 Fisher Rd. Expect delays.,N Hague Ave,Columbus,Franklin,OH,43204-2174,US,US/Eastern,KTZR,2016-02-16 08:47:00,32.0,28.7,100.0,29.77,2.5,NW,3.5,,Overcast,False,False,False,False,False,False,False,False,False,False,False,False,False,Day,Day,Day,Day
A-192,Source2,2,2016-02-16 08:36:20,2016-02-16 09:06:20,39.797958,-84.255135,,,0.01,Accident on Gettysburg Ave at Free Pike. Expect delays.,Free Pike,Dayton,Montgomery,OH,45416-1234,US,US/Eastern,KDAY,2016-02-16 08:41:00,30.0,23.2,96.0,29.79,1.5,NW,6.9,,Overcast,False,False,False,False,False,False,False,False,False,False,False,True,False,Day,Day,Day,Day
A-193,Source2,3,2016-02-16 08:42:17,2016-02-16 09:12:17,40.057369,-82.903717,,,0.01,Accident on I-270 Outerbelt Northbound at Exit 32 Morse Rd. Expect delays.,Outerbelt S,Columbus,Franklin,OH,43230,US,US/Eastern,KCMH,2016-02-16 08:51:00,32.0,24.8,88.0,29.78,4.0,NW,8.1,,Overcast,False,False,False,False,False,False,False,False,False,False,False,False,False,Day,Day,Day,Day
A-194,Source2,2,2016-02-16 08:41:46,2016-02-16 09:11:46,39.847927,-82.848274,,,0.01,Accident on Groveport Rd at Rager Rd. Expect delays.,Groveport Rd,Canal Winchester,Franklin,OH,43110,US,US/Eastern,KLCK,2016-02-16 08:35:00,32.0,26.4,97.0,29.76,3.0,NW,5.8,,Overcast,False,False,False,False,False,False,False,False,False,False,False,False,False,Day,Day,Day,Day
A-195,Source2,2,2016-02-16 08:57:31,2016-02-16 09:27:31,40.051949,-83.03280600000002,,,0.01,One lane blocked due to accident on OH-315 Olentangy Fwy Southbound at Exit 7 Olentangy River Rd. Expect delays.,W Henderson Rd,Columbus,Franklin,OH,43214,US,US/Eastern,KOSU,2016-02-16 08:53:00,32.0,26.4,96.0,29.78,2.5,NW,5.8,,Overcast,False,False,False,False,False,False,False,False,False,False,False,False,False,Day,Day,Day,Day
A-196,Source2,2,2016-02-16 10:03:00,2016-02-16 13:00:00,40.051949,-83.03280600000002,,,0.01,Lane blocked on exit ramp due to accident on Olentangy River Rd Northbound at Olentangy River Rd / Henderson Rd.,W Henderson Rd,Columbus,Franklin,OH,43214,US,US/Eastern,KOSU,2016-02-16 10:00:00,33.1,24.9,92.0,29.77,2.5,WNW,10.4,,Overcast,False,False,False,False,False,False,False,False,False,False,False,False,False,Day,Day,Day,Day
A-197,Source2,2,2016-02-16 10:58:52,2016-02-16 11:28:52,39.772823,-84.135612,,,0.0,Accident on Radio Rd at Smithville Rd. Expect delays.,Radio Rd,Dayton,Greene,OH,45431-1035,US,US/Eastern,KFFO,2016-02-16 10:58:00,31.1,25.4,88.0,29.86,6.0,WNW,5.8,,Overcast,False,False,False,False,False,False,False,False,False,False,False,False,False,Day,Day,Day,Day
A-198,Source2,2,2016-02-16 11:12:18,2016-02-16 11:42:18,39.673203,-84.221886,,,0.01,Accident on Alex Bell Rd at OH-741 Springboro Pike. Expect delays.,Springboro Pike,Dayton,Montgomery,OH,45449-2808,US,US/Eastern,KMGY,2016-02-16 11:29:00,30.9,22.8,76.0,29.81,6.0,WNW,9.2,,Haze,False,False,False,False,False,False,False,False,False,False,False,True,False,Day,Day,Day,Day
A-199,Source2,2,2016-02-16 11:11:35,2016-02-16 11:41:35,39.76244000000001,-84.20506999999998,,,0.01,Accident on Riverview Ave at Salem Ave. Expect delays.,Salem Ave,Dayton,Montgomery,OH,45406,US,US/Eastern,KDAY,2016-02-16 11:06:00,30.0,24.1,92.0,29.82,1.8,NW,5.8,0.0,Light Snow,False,False,True,False,False,False,False,False,False,False,False,True,False,Day,Day,Day,Day
A-200,Source2,2,2016-02-16 11:10:17,2016-02-16 11:40:17,39.79166,-84.169342,,,0.0,Accident on Kuntz Rd at Janney Rd. Expect delays.,Kuntz Rd,Dayton,Montgomery,OH,45404-1222,US,US/Eastern,KFFO,2016-02-16 10:58:00,31.1,25.4,88.0,29.86,6.0,WNW,5.8,,Overcast,False,False,False,False,False,False,False,False,False,False,False,False,False,Day,Day,Day,Day
